-- MySQL dump 10.13  Distrib 5.5.49, for debian-linux-gnu (x86_64)
--
-- Host: localhost    Database: IMDB
-- ------------------------------------------------------
-- Server version	5.5.49-0ubuntu0.14.04.1

/*!40101 SET @OLD_CHARACTER_SET_CLIENT=@@CHARACTER_SET_CLIENT */;
/*!40101 SET @OLD_CHARACTER_SET_RESULTS=@@CHARACTER_SET_RESULTS */;
/*!40101 SET @OLD_COLLATION_CONNECTION=@@COLLATION_CONNECTION */;
/*!40101 SET NAMES utf8 */;
/*!40103 SET @OLD_TIME_ZONE=@@TIME_ZONE */;
/*!40103 SET TIME_ZONE='+00:00' */;
/*!40014 SET @OLD_UNIQUE_CHECKS=@@UNIQUE_CHECKS, UNIQUE_CHECKS=0 */;
/*!40014 SET @OLD_FOREIGN_KEY_CHECKS=@@FOREIGN_KEY_CHECKS, FOREIGN_KEY_CHECKS=0 */;
/*!40101 SET @OLD_SQL_MODE=@@SQL_MODE, SQL_MODE='NO_AUTO_VALUE_ON_ZERO' */;
/*!40111 SET @OLD_SQL_NOTES=@@SQL_NOTES, SQL_NOTES=0 */;

--
-- Table structure for table `auth_group`
--

DROP TABLE IF EXISTS `auth_group`;
/*!40101 SET @saved_cs_client     = @@character_set_client */;
/*!40101 SET character_set_client = utf8 */;
CREATE TABLE `auth_group` (
  `id` int(11) NOT NULL AUTO_INCREMENT,
  `name` varchar(80) NOT NULL,
  PRIMARY KEY (`id`),
  UNIQUE KEY `name` (`name`)
) ENGINE=InnoDB DEFAULT CHARSET=utf8;
/*!40101 SET character_set_client = @saved_cs_client */;

--
-- Dumping data for table `auth_group`
--

LOCK TABLES `auth_group` WRITE;
/*!40000 ALTER TABLE `auth_group` DISABLE KEYS */;
/*!40000 ALTER TABLE `auth_group` ENABLE KEYS */;
UNLOCK TABLES;

--
-- Table structure for table `auth_group_permissions`
--

DROP TABLE IF EXISTS `auth_group_permissions`;
/*!40101 SET @saved_cs_client     = @@character_set_client */;
/*!40101 SET character_set_client = utf8 */;
CREATE TABLE `auth_group_permissions` (
  `id` int(11) NOT NULL AUTO_INCREMENT,
  `group_id` int(11) NOT NULL,
  `permission_id` int(11) NOT NULL,
  PRIMARY KEY (`id`),
  UNIQUE KEY `auth_group_permissions_group_id_0cd325b0_uniq` (`group_id`,`permission_id`),
  KEY `auth_group_permissi_permission_id_84c5c92e_fk_auth_permission_id` (`permission_id`),
  CONSTRAINT `auth_group_permissions_group_id_b120cbf9_fk_auth_group_id` FOREIGN KEY (`group_id`) REFERENCES `auth_group` (`id`),
  CONSTRAINT `auth_group_permissi_permission_id_84c5c92e_fk_auth_permission_id` FOREIGN KEY (`permission_id`) REFERENCES `auth_permission` (`id`)
) ENGINE=InnoDB DEFAULT CHARSET=utf8;
/*!40101 SET character_set_client = @saved_cs_client */;

--
-- Dumping data for table `auth_group_permissions`
--

LOCK TABLES `auth_group_permissions` WRITE;
/*!40000 ALTER TABLE `auth_group_permissions` DISABLE KEYS */;
/*!40000 ALTER TABLE `auth_group_permissions` ENABLE KEYS */;
UNLOCK TABLES;

--
-- Table structure for table `auth_permission`
--

DROP TABLE IF EXISTS `auth_permission`;
/*!40101 SET @saved_cs_client     = @@character_set_client */;
/*!40101 SET character_set_client = utf8 */;
CREATE TABLE `auth_permission` (
  `id` int(11) NOT NULL AUTO_INCREMENT,
  `name` varchar(255) NOT NULL,
  `content_type_id` int(11) NOT NULL,
  `codename` varchar(100) NOT NULL,
  PRIMARY KEY (`id`),
  UNIQUE KEY `auth_permission_content_type_id_01ab375a_uniq` (`content_type_id`,`codename`),
  CONSTRAINT `auth_permissi_content_type_id_2f476e4b_fk_django_content_type_id` FOREIGN KEY (`content_type_id`) REFERENCES `django_content_type` (`id`)
) ENGINE=InnoDB AUTO_INCREMENT=43 DEFAULT CHARSET=utf8;
/*!40101 SET character_set_client = @saved_cs_client */;

--
-- Dumping data for table `auth_permission`
--

LOCK TABLES `auth_permission` WRITE;
/*!40000 ALTER TABLE `auth_permission` DISABLE KEYS */;
INSERT INTO `auth_permission` VALUES (1,'Can add writer',1,'add_writer'),(2,'Can change writer',1,'change_writer'),(3,'Can delete writer',1,'delete_writer'),(4,'Can add actor',2,'add_actor'),(5,'Can change actor',2,'change_actor'),(6,'Can delete actor',2,'delete_actor'),(7,'Can add director',3,'add_director'),(8,'Can change director',3,'change_director'),(9,'Can delete director',3,'delete_director'),(10,'Can add genre',4,'add_genre'),(11,'Can change genre',4,'change_genre'),(12,'Can delete genre',4,'delete_genre'),(13,'Can add movie',5,'add_movie'),(14,'Can change movie',5,'change_movie'),(15,'Can delete movie',5,'delete_movie'),(16,'Can add movie writer',6,'add_moviewriter'),(17,'Can change movie writer',6,'change_moviewriter'),(18,'Can delete movie writer',6,'delete_moviewriter'),(19,'Can add movie genre',7,'add_moviegenre'),(20,'Can change movie genre',7,'change_moviegenre'),(21,'Can delete movie genre',7,'delete_moviegenre'),(22,'Can add movie actor',8,'add_movieactor'),(23,'Can change movie actor',8,'change_movieactor'),(24,'Can delete movie actor',8,'delete_movieactor'),(25,'Can add log entry',9,'add_logentry'),(26,'Can change log entry',9,'change_logentry'),(27,'Can delete log entry',9,'delete_logentry'),(28,'Can add permission',10,'add_permission'),(29,'Can change permission',10,'change_permission'),(30,'Can delete permission',10,'delete_permission'),(31,'Can add group',11,'add_group'),(32,'Can change group',11,'change_group'),(33,'Can delete group',11,'delete_group'),(34,'Can add user',12,'add_user'),(35,'Can change user',12,'change_user'),(36,'Can delete user',12,'delete_user'),(37,'Can add content type',13,'add_contenttype'),(38,'Can change content type',13,'change_contenttype'),(39,'Can delete content type',13,'delete_contenttype'),(40,'Can add session',14,'add_session'),(41,'Can change session',14,'change_session'),(42,'Can delete session',14,'delete_session');
/*!40000 ALTER TABLE `auth_permission` ENABLE KEYS */;
UNLOCK TABLES;

--
-- Table structure for table `auth_user`
--

DROP TABLE IF EXISTS `auth_user`;
/*!40101 SET @saved_cs_client     = @@character_set_client */;
/*!40101 SET character_set_client = utf8 */;
CREATE TABLE `auth_user` (
  `id` int(11) NOT NULL AUTO_INCREMENT,
  `password` varchar(128) NOT NULL,
  `last_login` datetime DEFAULT NULL,
  `is_superuser` tinyint(1) NOT NULL,
  `username` varchar(30) NOT NULL,
  `first_name` varchar(30) NOT NULL,
  `last_name` varchar(30) NOT NULL,
  `email` varchar(254) NOT NULL,
  `is_staff` tinyint(1) NOT NULL,
  `is_active` tinyint(1) NOT NULL,
  `date_joined` datetime NOT NULL,
  PRIMARY KEY (`id`),
  UNIQUE KEY `username` (`username`)
) ENGINE=InnoDB DEFAULT CHARSET=utf8;
/*!40101 SET character_set_client = @saved_cs_client */;

--
-- Dumping data for table `auth_user`
--

LOCK TABLES `auth_user` WRITE;
/*!40000 ALTER TABLE `auth_user` DISABLE KEYS */;
/*!40000 ALTER TABLE `auth_user` ENABLE KEYS */;
UNLOCK TABLES;

--
-- Table structure for table `auth_user_groups`
--

DROP TABLE IF EXISTS `auth_user_groups`;
/*!40101 SET @saved_cs_client     = @@character_set_client */;
/*!40101 SET character_set_client = utf8 */;
CREATE TABLE `auth_user_groups` (
  `id` int(11) NOT NULL AUTO_INCREMENT,
  `user_id` int(11) NOT NULL,
  `group_id` int(11) NOT NULL,
  PRIMARY KEY (`id`),
  UNIQUE KEY `auth_user_groups_user_id_94350c0c_uniq` (`user_id`,`group_id`),
  KEY `auth_user_groups_group_id_97559544_fk_auth_group_id` (`group_id`),
  CONSTRAINT `auth_user_groups_group_id_97559544_fk_auth_group_id` FOREIGN KEY (`group_id`) REFERENCES `auth_group` (`id`),
  CONSTRAINT `auth_user_groups_user_id_6a12ed8b_fk_auth_user_id` FOREIGN KEY (`user_id`) REFERENCES `auth_user` (`id`)
) ENGINE=InnoDB DEFAULT CHARSET=utf8;
/*!40101 SET character_set_client = @saved_cs_client */;

--
-- Dumping data for table `auth_user_groups`
--

LOCK TABLES `auth_user_groups` WRITE;
/*!40000 ALTER TABLE `auth_user_groups` DISABLE KEYS */;
/*!40000 ALTER TABLE `auth_user_groups` ENABLE KEYS */;
UNLOCK TABLES;

--
-- Table structure for table `auth_user_user_permissions`
--

DROP TABLE IF EXISTS `auth_user_user_permissions`;
/*!40101 SET @saved_cs_client     = @@character_set_client */;
/*!40101 SET character_set_client = utf8 */;
CREATE TABLE `auth_user_user_permissions` (
  `id` int(11) NOT NULL AUTO_INCREMENT,
  `user_id` int(11) NOT NULL,
  `permission_id` int(11) NOT NULL,
  PRIMARY KEY (`id`),
  UNIQUE KEY `auth_user_user_permissions_user_id_14a6b632_uniq` (`user_id`,`permission_id`),
  KEY `auth_user_user_perm_permission_id_1fbb5f2c_fk_auth_permission_id` (`permission_id`),
  CONSTRAINT `auth_user_user_permissions_user_id_a95ead1b_fk_auth_user_id` FOREIGN KEY (`user_id`) REFERENCES `auth_user` (`id`),
  CONSTRAINT `auth_user_user_perm_permission_id_1fbb5f2c_fk_auth_permission_id` FOREIGN KEY (`permission_id`) REFERENCES `auth_permission` (`id`)
) ENGINE=InnoDB DEFAULT CHARSET=utf8;
/*!40101 SET character_set_client = @saved_cs_client */;

--
-- Dumping data for table `auth_user_user_permissions`
--

LOCK TABLES `auth_user_user_permissions` WRITE;
/*!40000 ALTER TABLE `auth_user_user_permissions` DISABLE KEYS */;
/*!40000 ALTER TABLE `auth_user_user_permissions` ENABLE KEYS */;
UNLOCK TABLES;

--
-- Table structure for table `django_admin_log`
--

DROP TABLE IF EXISTS `django_admin_log`;
/*!40101 SET @saved_cs_client     = @@character_set_client */;
/*!40101 SET character_set_client = utf8 */;
CREATE TABLE `django_admin_log` (
  `id` int(11) NOT NULL AUTO_INCREMENT,
  `action_time` datetime NOT NULL,
  `object_id` longtext,
  `object_repr` varchar(200) NOT NULL,
  `action_flag` smallint(5) unsigned NOT NULL,
  `change_message` longtext NOT NULL,
  `content_type_id` int(11) DEFAULT NULL,
  `user_id` int(11) NOT NULL,
  PRIMARY KEY (`id`),
  KEY `django_admin__content_type_id_c4bce8eb_fk_django_content_type_id` (`content_type_id`),
  KEY `django_admin_log_user_id_c564eba6_fk_auth_user_id` (`user_id`),
  CONSTRAINT `django_admin_log_user_id_c564eba6_fk_auth_user_id` FOREIGN KEY (`user_id`) REFERENCES `auth_user` (`id`),
  CONSTRAINT `django_admin__content_type_id_c4bce8eb_fk_django_content_type_id` FOREIGN KEY (`content_type_id`) REFERENCES `django_content_type` (`id`)
) ENGINE=InnoDB DEFAULT CHARSET=utf8;
/*!40101 SET character_set_client = @saved_cs_client */;

--
-- Dumping data for table `django_admin_log`
--

LOCK TABLES `django_admin_log` WRITE;
/*!40000 ALTER TABLE `django_admin_log` DISABLE KEYS */;
/*!40000 ALTER TABLE `django_admin_log` ENABLE KEYS */;
UNLOCK TABLES;

--
-- Table structure for table `django_content_type`
--

DROP TABLE IF EXISTS `django_content_type`;
/*!40101 SET @saved_cs_client     = @@character_set_client */;
/*!40101 SET character_set_client = utf8 */;
CREATE TABLE `django_content_type` (
  `id` int(11) NOT NULL AUTO_INCREMENT,
  `app_label` varchar(100) NOT NULL,
  `model` varchar(100) NOT NULL,
  PRIMARY KEY (`id`),
  UNIQUE KEY `django_content_type_app_label_76bd3d3b_uniq` (`app_label`,`model`)
) ENGINE=InnoDB AUTO_INCREMENT=15 DEFAULT CHARSET=utf8;
/*!40101 SET character_set_client = @saved_cs_client */;

--
-- Dumping data for table `django_content_type`
--

LOCK TABLES `django_content_type` WRITE;
/*!40000 ALTER TABLE `django_content_type` DISABLE KEYS */;
INSERT INTO `django_content_type` VALUES (9,'admin','logentry'),(11,'auth','group'),(10,'auth','permission'),(12,'auth','user'),(13,'contenttypes','contenttype'),(2,'serverapp','actor'),(3,'serverapp','director'),(4,'serverapp','genre'),(5,'serverapp','movie'),(8,'serverapp','movieactor'),(7,'serverapp','moviegenre'),(6,'serverapp','moviewriter'),(1,'serverapp','writer'),(14,'sessions','session');
/*!40000 ALTER TABLE `django_content_type` ENABLE KEYS */;
UNLOCK TABLES;

--
-- Table structure for table `django_migrations`
--

DROP TABLE IF EXISTS `django_migrations`;
/*!40101 SET @saved_cs_client     = @@character_set_client */;
/*!40101 SET character_set_client = utf8 */;
CREATE TABLE `django_migrations` (
  `id` int(11) NOT NULL AUTO_INCREMENT,
  `app` varchar(255) NOT NULL,
  `name` varchar(255) NOT NULL,
  `applied` datetime NOT NULL,
  PRIMARY KEY (`id`)
) ENGINE=InnoDB AUTO_INCREMENT=14 DEFAULT CHARSET=utf8;
/*!40101 SET character_set_client = @saved_cs_client */;

--
-- Dumping data for table `django_migrations`
--

LOCK TABLES `django_migrations` WRITE;
/*!40000 ALTER TABLE `django_migrations` DISABLE KEYS */;
INSERT INTO `django_migrations` VALUES (1,'contenttypes','0001_initial','2016-06-07 19:01:43'),(2,'auth','0001_initial','2016-06-07 19:01:44'),(3,'admin','0001_initial','2016-06-07 19:01:44'),(4,'admin','0002_logentry_remove_auto_add','2016-06-07 19:01:44'),(5,'contenttypes','0002_remove_content_type_name','2016-06-07 19:01:44'),(6,'auth','0002_alter_permission_name_max_length','2016-06-07 19:01:44'),(7,'auth','0003_alter_user_email_max_length','2016-06-07 19:01:44'),(8,'auth','0004_alter_user_username_opts','2016-06-07 19:01:44'),(9,'auth','0005_alter_user_last_login_null','2016-06-07 19:01:44'),(10,'auth','0006_require_contenttypes_0002','2016-06-07 19:01:44'),(11,'auth','0007_alter_validators_add_error_messages','2016-06-07 19:01:44'),(12,'serverapp','0001_initial','2016-06-07 19:01:44'),(13,'sessions','0001_initial','2016-06-07 19:01:44');
/*!40000 ALTER TABLE `django_migrations` ENABLE KEYS */;
UNLOCK TABLES;

--
-- Table structure for table `django_session`
--

DROP TABLE IF EXISTS `django_session`;
/*!40101 SET @saved_cs_client     = @@character_set_client */;
/*!40101 SET character_set_client = utf8 */;
CREATE TABLE `django_session` (
  `session_key` varchar(40) NOT NULL,
  `session_data` longtext NOT NULL,
  `expire_date` datetime NOT NULL,
  PRIMARY KEY (`session_key`),
  KEY `django_session_de54fa62` (`expire_date`)
) ENGINE=InnoDB DEFAULT CHARSET=utf8;
/*!40101 SET character_set_client = @saved_cs_client */;

--
-- Dumping data for table `django_session`
--

LOCK TABLES `django_session` WRITE;
/*!40000 ALTER TABLE `django_session` DISABLE KEYS */;
/*!40000 ALTER TABLE `django_session` ENABLE KEYS */;
UNLOCK TABLES;

--
-- Table structure for table `serverapp_actor`
--

DROP TABLE IF EXISTS `serverapp_actor`;
/*!40101 SET @saved_cs_client     = @@character_set_client */;
/*!40101 SET character_set_client = utf8 */;
CREATE TABLE `serverapp_actor` (
  `id` int(11) NOT NULL AUTO_INCREMENT,
  `name` varchar(255) NOT NULL,
  PRIMARY KEY (`id`),
  UNIQUE KEY `name` (`name`)
) ENGINE=InnoDB AUTO_INCREMENT=3042 DEFAULT CHARSET=utf8;
/*!40101 SET character_set_client = @saved_cs_client */;

--
-- Dumping data for table `serverapp_actor`
--

LOCK TABLES `serverapp_actor` WRITE;
/*!40000 ALTER TABLE `serverapp_actor` DISABLE KEYS */;
INSERT INTO `serverapp_actor` VALUES (243,'Aamir Khan'),(3027,'Aaron Eckhart'),(2127,'Abbas-Ali Roomandi'),(1205,'Abbey Lee'),(569,'Abdel Ahmed Ghili'),(1874,'Abe Simon'),(3040,'Abe Vigoda'),(2700,'Absa Diatou Toure'),(2310,'Adam Baldwin'),(1737,'Adam Driver'),(1578,'Adam Goldberg'),(2490,'Adam Williams'),(2252,'Ade'),(226,'Aditya Kumar'),(121,'Adolphe Menjou'),(378,'Adrian Scarborough'),(1028,'Adriana Barraza'),(1045,'Adrien Brody'),(2376,'Adrienne Corri'),(2512,'Agnes Moorehead'),(80,'Agnese Nano'),(1542,'Ahmad Massad'),(407,'Ahna O\'Reilly'),(1550,'Ahney Her'),(2587,'Aidan Gillen'),(1663,'Åke Fridell'),(34,'Akemi Yamaguchi'),(255,'Akhilendra Mishra'),(1705,'Akihiro Miwa'),(970,'Akim Tamiroff'),(1710,'Akio Ôtsuka'),(304,'Akira Kubo'),(1833,'Akira Terao'),(479,'Aksel Hennie'),(2670,'Al Ernest Garcia'),(2141,'Al Israel'),(3039,'Al Lettieri'),(2562,'Al Matthews'),(510,'Al Pacino'),(758,'Al Silvani'),(205,'Alain Cuny'),(1598,'Alan Baxter'),(2248,'Alan Ford'),(2285,'Alan Gifford'),(1285,'Alan Hale'),(2955,'Alan Howard'),(1693,'Alan King'),(665,'Alan Rickman'),(2415,'Alan Tall'),(1404,'Alan Tudyk'),(2697,'Alba Gaïa Kraghede Bellugi'),(1386,'Albert Brooks'),(780,'Albert Finney'),(264,'Albert Hall'),(1130,'Albert Rémy'),(2963,'Aldo Giuffrè'),(371,'Aldo Sambrell'),(2629,'Alec Baldwin'),(651,'Alec Guinness'),(287,'Alec Murphy'),(1752,'Alejandro Abelenda'),(904,'Aleksandr Kaydanovskiy'),(1904,'Álex Angulo'),(2176,'Alex Hyde-White'),(498,'Alex Lawther'),(2875,'Alex McCrindle'),(2765,'Alex Sol'),(1932,'Alexander Godunov'),(1388,'Alexander Gould'),(1290,'Alexandra Maria Lara'),(2071,'Alexandra Rapaport'),(2856,'Alexandre Rodrigues'),(2175,'Alexei Sayle'),(623,'Alexis Bledel'),(428,'Alexis Denisof'),(2090,'Alfonso Bedoya'),(2143,'Alfred Abel'),(2709,'Alfred Molina'),(341,'Alfredo Rizzo'),(2996,'Ali Astin'),(2157,'Ali-Asghar Shahbazi'),(2864,'Alice Braga'),(2332,'Alice Ghostley'),(1444,'Alicia Rhett'),(1966,'Alida Valli'),(903,'Alisa Freyndlikh'),(1073,'Alison Crosbie'),(2168,'Alison Doody'),(1997,'Alison Folland'),(2998,'Alistair Browning'),(1296,'Alistair Petrie'),(436,'Allan Edwall'),(489,'Allen Leech'),(408,'Allison Janney'),(2583,'Alon Aboutboul'),(2898,'Alonzo Brown'),(1019,'Álvaro Guerrero'),(285,'Alvin Epstein'),(873,'Alyque Padamsee'),(1892,'Amanda Brugel'),(2973,'Amanda Plummer'),(2060,'Amardeep Jha'),(1424,'America Ferrera'),(2793,'Amerigo Fontani'),(859,'Aminda Montserrat'),(2345,'Amir Ali Said'),(2116,'Amir Farrokh Hashemian'),(874,'Amrish Puri'),(462,'Amy Adams'),(1879,'Amy Brenneman'),(38,'Amy Jones'),(507,'Amy Levitt'),(1951,'Amy Poehler'),(1518,'Amy Wright'),(1382,'Ana Reeder'),(905,'Anatoliy Solonitsyn'),(1733,'Anders Ek'),(635,'Andie MacDowell'),(2007,'André Hennicke'),(562,'André Morell'),(1008,'André the Giant'),(834,'Andrea Eckert'),(1935,'Andreas Wisniewski'),(2743,'Andrew Borba'),(379,'Andrew Havill'),(2845,'Andrew Kevin Walker'),(1393,'Andrew Stanton'),(2416,'Andrew Weir'),(3016,'Andrzej Seweryn'),(2254,'Andy Beckwith'),(352,'Andy Dick'),(608,'Andy Lau'),(141,'Andy Serkis'),(2137,'Ángel Salazar'),(803,'Angel Schmiedt'),(276,'Angela Lansbury'),(639,'Angela Paton'),(1419,'Angelica Page'),(2971,'Angelo Novi'),(454,'Angus Barnett'),(1947,'Angus Lennie'),(1210,'Angus Sampson'),(201,'Anita Ekberg'),(2286,'Ann Gillis'),(1435,'Ann Rutherford'),(1803,'Ann Sears'),(409,'Anna Camp'),(2017,'Anna Levine'),(344,'Anna Paquin'),(176,'Anna Q. Nilsson'),(1642,'Anne Bancroft'),(2096,'Anne Baxter'),(1014,'Anne Dyson'),(2581,'Anne Hathaway'),(23,'Anne Jackson'),(2694,'Anne Le Ny'),(2069,'Anne Louise Hassing'),(2568,'Annette Bening'),(206,'Annibale Ninchi'),(2238,'Annie Potts'),(2066,'Annika Wedderkopp'),(202,'Anouk Aimée'),(674,'Anthony Allgood'),(2628,'Anthony Anderson'),(1078,'Anthony Brophy'),(609,'Anthony Chau-Sang Wong'),(1742,'Anthony Daniels'),(1449,'Anthony Dawson'),(2836,'Anthony Heald'),(2711,'Anthony Higgins'),(1641,'Anthony Hopkins'),(2020,'Anthony James'),(1036,'Anthony Mackie'),(3034,'Anthony Michael Hall'),(2645,'Anthony Milner'),(2726,'Anthony Perkins'),(2351,'Anthony Quayle'),(1601,'Anthony Quinn'),(1580,'Anthony Rapp'),(2884,'Anthony Ray Parker'),(74,'Antonella Attili'),(2969,'Antonio Casale'),(2972,'Antonio Casas'),(1162,'Antonio Centa'),(1236,'Antonio David Lyons'),(364,'Antonio Prieto'),(2576,'Ara Celi'),(580,'Arash Mansour'),(1903,'Ariadna Gil'),(897,'Ariana Richards'),(2314,'Arliss Howard'),(2138,'Arnaldo Santana'),(705,'Arnold Schwarzenegger'),(1147,'Arthur Burghardt'),(1723,'Arthur Housman'),(1286,'Arthur Hoyt'),(1873,'Arthur Keegan'),(2352,'Arthur Kennedy'),(563,'Arthur O\'Sullivan'),(885,'Arthur RedCloud'),(740,'Arthur Taxier'),(2091,'Arturo Soto Rangel'),(2434,'Artus de Penguern'),(1058,'Ashley Dyke'),(1430,'Ashley Jensen'),(1880,'Ashley Judd'),(1545,'Asriah Nijres'),(1815,'Astrid Allwyn'),(869,'Athol Fugard'),(56,'Ato Essandoh'),(1828,'Atsushi Watanabe'),(2383,'Aubrey Morris'),(652,'Audrey Fildes'),(2695,'Audrey Fleurot'),(332,'Audrey Hepburn'),(209,'Audrey McDonald'),(2425,'Audrey Tautou'),(2227,'August Diehl'),(1299,'Augusto Dallara'),(1390,'Austin Pendleton'),(2591,'Austin Stowell'),(2758,'Avery Brooks'),(2233,'Avril Stewart'),(435,'Axel Düberg'),(32,'Ayano Shiraishi'),(1123,'Ayzee'),(2225,'B.J. Novak'),(2158,'Babak Karimi'),(1543,'Bader Alami'),(2117,'Bahare Seddiqi'),(2101,'Barbara Bates'),(2478,'Barbara Bel Geddes'),(2305,'Barbara Bryne'),(2049,'Barbara Drew'),(661,'Barbara Leake'),(1432,'Barbara O\'Neil'),(1750,'Bárbara Palladino'),(2364,'Barbara Stanwyck'),(822,'Barbara Steele'),(2107,'Barbara White'),(1378,'Barry Corbin'),(1255,'Barry Del Sherman'),(27,'Barry Dennen'),(1333,'Barry Humphries'),(20,'Barry Nelson'),(2665,'Barry Pepper'),(1214,'Barton MacLane'),(69,'Bastian Trost'),(895,'BD Wong'),(3015,'Béatrice Macola'),(2231,'Bee Duffell'),(1549,'Bee Vang'),(2121,'Behzad Rafi'),(2883,'Belinda McClory'),(1344,'Ben Affleck'),(104,'Ben Burtt'),(2648,'Ben Harlan'),(862,'Ben Kingsley'),(2584,'Ben Mendelsohn'),(1567,'Ben Miles'),(386,'Ben Wimsett'),(486,'Benedict Cumberbatch'),(481,'Benedict Wong'),(1726,'Bengt Ekerot'),(398,'Benicio Del Toro'),(1039,'Benito Martinez'),(368,'Benito Stefanelli'),(578,'Benoît Magimel'),(1140,'Bernard Abbou'),(99,'Bernard Gorcey'),(2928,'Bernard Hill'),(1967,'Bernard Lee'),(2501,'Bernd Tauber'),(129,'Bert Freed'),(767,'Bert Lahr'),(1732,'Bertil Anderberg'),(442,'Bertil Guve'),(711,'Bess Motta'),(1381,'Beth Grant'),(1335,'Bethany Whitmore'),(2095,'Bette Davis'),(1813,'Beulah Bondi'),(503,'Beulah Garrick'),(2022,'Beverley Elliott'),(2754,'Beverly D\'Angelo'),(2048,'Beverly Wills'),(1069,'Bibi Andersson'),(842,'Bilge Jeschim'),(1701,'Bill Allison'),(757,'Bill Baldwin'),(1148,'Bill Burrows'),(1066,'Bill Camp'),(1954,'Bill Hader'),(1984,'Bill Hanrahan'),(2742,'Bill Irwin'),(634,'Bill Murray'),(717,'Bill Paxton'),(729,'Bill Raymond'),(2715,'Bill Reimbold'),(2283,'Bill Weston'),(769,'Billie Burke'),(26,'Billie Gibson'),(2533,'Billy Bob Thornton'),(2924,'Billy Boyd'),(1086,'Billy Byrne'),(1195,'Billy Crudup'),(692,'Billy Crystal'),(2463,'Billy Dee Williams'),(93,'Billy Gilbert'),(2043,'Billy Gray'),(2623,'Billy Zane'),(2009,'Birgit Minichmayr'),(1657,'Björn Bjelfvenstam'),(795,'Blair Slater'),(2363,'Blake Clark'),(1287,'Blanche Friderici'),(1715,'Blythe Danner'),(270,'Bo Byers'),(726,'Bob Adrian'),(113,'Bob Bergen'),(2855,'Bob Collins'),(3,'Bob Gunton'),(2848,'Bob Mack'),(1248,'Bob Orwig'),(893,'Bob Peck'),(2942,'Bob Penny'),(697,'Bob Peterson'),(1961,'Bobby Moynihan'),(1719,'Bodil Rosing'),(1823,'Bokuzen Hidari'),(198,'Bolaji Badejo'),(2053,'Boman Irani'),(814,'Bong-gi Baek'),(1926,'Bonnie Bedelia'),(701,'Bonnie Hunt'),(431,'Börje Ahlstedt'),(1357,'Boyd Holbrook'),(2927,'Brad Dourif'),(1389,'Brad Garrett'),(527,'Brad James'),(2217,'Brad Pitt'),(718,'Brad Rearden'),(391,'Bradley Cooper'),(1107,'Bradley Gregg'),(279,'Bradley Pierce'),(530,'Brahim Hadjadj'),(2393,'Brenda Dickson'),(2420,'Brian Cox'),(284,'Brian Cummings'),(1187,'Brian d\'Arcy James'),(794,'Brian Delate'),(637,'Brian Doyle-Murray'),(1035,'Brían F. O\'Byrne'),(1320,'Brian H. Dierker'),(1551,'Brian Haley'),(464,'Brian Howe'),(416,'Brian Kerwin'),(12,'Brian Libby'),(2346,'Brian Price'),(719,'Brian Thompson'),(1119,'Brianna Hildebrand'),(1886,'Brie Larson'),(88,'Brigitte Fossey'),(2150,'Brigitte Helm'),(1779,'Brion James'),(2327,'Brock Peters'),(2981,'Bronagh Gallagher'),(1555,'Brooke Chia Thao'),(2919,'Bruce Allpress'),(2089,'Bruce Bennett'),(2321,'Bruce Boa'),(1923,'Bruce Glover'),(2929,'Bruce Hopkins'),(1111,'Bruce Kirby'),(734,'Bruce Kirkpatrick'),(715,'Bruce M. Kerner'),(1040,'Bruce MacVittie'),(1415,'Bruce Norris'),(721,'Bruce Willis'),(828,'Bruno Agostini'),(1611,'Bruno Barnabe'),(370,'Bruno Carotenuto'),(1933,'Bruno Doyon'),(1998,'Bruno Ganz'),(3024,'Bruno Kirby'),(1057,'Bryan Batt'),(1633,'Bryan Callen'),(404,'Bryce Dallas Howard'),(2775,'Bunta Sugawara'),(753,'Burgess Meredith'),(2585,'Burn Gorman'),(2978,'Burr Steers'),(1588,'Burt Lancaster'),(751,'Burt Young'),(175,'Buster Keaton'),(1440,'Butterfly McQueen'),(2548,'Byeong-ok Kim'),(2368,'Byron Barr'),(1501,'C. Aubrey Smith'),(2601,'C.J. Vana'),(239,'Callum Keith Rennie'),(383,'Calum Gittins'),(546,'Calvin Ka-Sing Cheng'),(901,'Cameron Thor'),(1061,'Cameron Zeigler'),(856,'Camille Guérini'),(863,'Candice Bergen'),(625,'Cara D. Briggs'),(434,'Carl Billquist'),(2820,'Carl Bressler'),(2377,'Carl Duering'),(586,'Carl Gottlieb'),(2809,'Carl J. Matusovich'),(2214,'Carl Miller'),(752,'Carl Weathers'),(1747,'Carla Quevedo'),(2262,'Carlo Jachino'),(1639,'Carlos Miranda'),(514,'Carmine Foresta'),(643,'Carol Bivins'),(1272,'Carol Cleveland'),(728,'Carol Florence'),(504,'Carol Kane'),(3009,'Caroline Goodall'),(1342,'Carolyn Shakespeare-Allen'),(1348,'Carrie Coon'),(1736,'Carrie Fisher'),(2558,'Carrie Henn'),(231,'Carrie-Anne Moss'),(95,'Carter DeHaven'),(1004,'Cary Elwes'),(2483,'Cary Grant'),(953,'Cary-Hiroyuki Tagawa'),(1895,'Cas Anvar'),(1988,'Casey Affleck'),(1105,'Casey Siemaszko'),(1355,'Casey Wilson'),(2653,'Castulo Guerra'),(2923,'Cate Blanchett'),(824,'Caterina Boratto'),(1321,'Catherine Keener'),(2918,'Catherine Scorsese'),(1974,'Cathy Moriarty'),(681,'Cathy O\'Donnell'),(173,'Cecil B. DeMille'),(656,'Cecil Ramage'),(2672,'Cecil Reynolds'),(2097,'Celeste Holm'),(994,'César Bordón'),(1906,'César Vea'),(829,'Cesarino Miceli Picardi'),(1786,'Chadwick Boseman'),(2063,'Chaitali Bose'),(616,'Chapman To'),(380,'Charles Armstrong'),(1941,'Charles Bronson'),(1288,'Charles C. Wilson'),(89,'Charles Chaplin'),(491,'Charles Dance'),(172,'Charles Dayton'),(1182,'Charles Dierkop'),(513,'Charles Durning'),(1766,'Charles Forbes'),(1362,'Charles Hallahan'),(1669,'Charles Henry Smith'),(2301,'Charles Kay'),(2469,'Charles Laughton'),(1275,'Charles McKeown'),(1982,'Charles Scorsese'),(850,'Charles Vanel'),(771,'Charley Grapewin'),(2597,'Charlie Ian'),(1197,'Charlize Theron'),(2406,'Charlotte Aronofsky'),(966,'Charlton Heston'),(67,'Charly Hübner'),(2410,'Chas Mastin'),(2814,'Chazz Palminteri'),(1556,'Chee Thao'),(190,'Cheech Marin'),(1858,'Cheryl Chase'),(101,'Chester Conklin'),(619,'Chi Keung Wan'),(1310,'Chia-Hui Liu'),(1308,'Chiaki Kuriyama'),(1703,'Chieko Baishô'),(1675,'Chieko Higashiyama'),(312,'Chieko Naniwa'),(922,'Chika Sakamoto'),(3030,'Chin Han'),(1385,'Chip Love'),(1674,'Chishû Ryû'),(480,'Chiwetel Ejiofor'),(1557,'Choua Kue'),(576,'Choukri Gabteni'),(1068,'Chris Chalk'),(2572,'Chris Cooper'),(636,'Chris Elliott'),(467,'Chris Ellis'),(418,'Chris Evans'),(420,'Chris Hemsworth'),(412,'Chris Lowell'),(2593,'Chris Mulkey'),(1247,'Chris Pedersen'),(2440,'Chris Penn'),(387,'Chris Pratt'),(591,'Chris Rebello'),(1005,'Chris Sarandon'),(2704,'Christian Ameri'),(134,'Christian Bale'),(2003,'Christian Berkel'),(1295,'Christian McKay'),(125,'Christiane Kubrick'),(2993,'Christie Cronenweth'),(2990,'Christina Cabot'),(632,'Christina Frankenfield'),(1624,'Christine Ebersole'),(2823,'Christine Estabrook'),(2947,'Christine Seabrook'),(45,'Christoph Waltz'),(1065,'Christopher Berry'),(1548,'Christopher Carley'),(1097,'Christopher Denham'),(1006,'Christopher Guest'),(902,'Christopher John Fields'),(2931,'Christopher Lee'),(2613,'Christopher Lloyd'),(1340,'Christopher Massey'),(2401,'Christopher McDonald'),(1426,'Christopher Mintz-Plasse'),(144,'Christopher Neame'),(1577,'Christopher Plummer'),(886,'Christopher Rosamond'),(460,'Christopher Walken'),(1513,'Chuck Aspegren'),(2914,'Chuck Low'),(413,'Cicely Tyson'),(2082,'Cillian Murphy'),(2535,'Claire Danes'),(1652,'Claire Davenport'),(2935,'Claire Geare'),(1129,'Claire Maurier'),(5,'Clancy Brown'),(773,'Clara Blandick'),(1936,'Clarence Gilyard Jr.'),(1280,'Clark Gable'),(423,'Clark Gregg'),(1809,'Claude Rains'),(2506,'Claude-Oliver Rudolph'),(1281,'Claudette Colbert'),(819,'Claudia Cardinale'),(2617,'Claudia Wells'),(2797,'Claudio Alfonsi'),(339,'Claudio Ermelli'),(2966,'Claudio Scarchilli'),(58,'Clay Donahue Fontenot'),(671,'Clémence Poésy'),(1488,'Clifton James'),(358,'Clint Eastwood'),(1572,'Clive Ashborn'),(2379,'Clive Francis'),(654,'Clive Morton'),(2954,'Clive Revill'),(346,'Cloris Leachman'),(2431,'Clotilde Mollet'),(424,'Cobie Smulders'),(1264,'Coco Leigh'),(1989,'Cole Hauser'),(2564,'Colette Hiller'),(372,'Colin Firth'),(2086,'Colin McFarlane'),(786,'Colin Stinton'),(945,'Colleen Dewhurst'),(1992,'Colleen McCauley'),(2740,'Collette Wolfe'),(2330,'Collin Wilcox Paxton'),(1154,'Conchata Ferrell'),(2230,'Connie Booth'),(2603,'Connie Nielsen'),(2720,'Conrad Veidt'),(2392,'Copper Cunningham'),(353,'Corey Burton'),(1102,'Corey Feldman'),(1246,'Corey Glover'),(783,'Corey Johnson'),(1999,'Corinna Harfouch'),(40,'Corinne Orr'),(1249,'Corkey Ford'),(1206,'Courtney Eaton'),(2334,'Crahan Denton'),(1423,'Craig Ferguson'),(2105,'Craig Hill'),(595,'Craig Kingsbury'),(1330,'Craig Mutsch'),(36,'Crispin Freeman'),(2615,'Crispin Glover'),(1623,'Cristin Milioti'),(2725,'Curt Bois'),(2271,'Cyd Charisse'),(2566,'Cynthia Dale Scott'),(2698,'Cyril Mendy'),(2666,'Dabbs Greer'),(2546,'Dae-han Ji'),(2551,'Dae-yeon Lee'),(1711,'Daijirô Harada'),(2109,'Daisuke Katô'),(1835,'Daisuke Ryû'),(1738,'Daisy Ridley'),(2547,'Dal-su Oh'),(1468,'Dale Winton'),(452,'Damian O\'Hare'),(1607,'Damien Thomas'),(2594,'Damon Gupton'),(787,'Dan Fredenburgh'),(37,'Dan Green'),(2818,'Dan Hedaya'),(1996,'Dan Washington'),(678,'Dana Andrews'),(2290,'Dana Elcar'),(53,'Dana Gourrier'),(784,'Daniel Brühl'),(1134,'Daniel Couturier'),(142,'Daniel Davis'),(1074,'Daniel Day-Lewis'),(2074,'Daniel Engstrup'),(699,'Daniel Gerson'),(2565,'Daniel Kash'),(367,'Daniel Martín'),(666,'Daniel Radcliffe'),(2277,'Daniel Richter'),(2586,'Daniel Sunjata'),(2846,'Daniel Zacapa'),(2525,'Danny Aiello'),(2654,'Danny Cooksey'),(2205,'Danny DeVito'),(18,'Danny Lloyd'),(2033,'Danny Mann'),(989,'Darío Grandinetti'),(1160,'Darío Moreno'),(2122,'Dariush Mokhtari'),(2529,'Darlanne Fluegel'),(1168,'Darling Légitimus'),(1917,'Darrell Zwerling'),(937,'Darryl Hickman'),(1304,'Daryl Hannah'),(2045,'Dave Barry'),(389,'Dave Bautista'),(1963,'Dave Goelz'),(737,'Daveigh Chase'),(957,'Davenia McFadden'),(2987,'David Andrews'),(2887,'David Aston'),(455,'David Bailie'),(28,'David Baxt'),(140,'David Bowie'),(1292,'David Calder'),(1305,'David Carradine'),(1351,'David Clennon'),(2341,'David Cross'),(526,'David Dastmalchian'),(2745,'David Gyasi'),(2610,'David Hemmings'),(1524,'David Huddleston'),(2029,'David Kaye'),(2191,'David Lewis'),(1944,'David McCallum'),(2660,'David Morse'),(2018,'David Mucci'),(1250,'David Neidorf'),(2632,'David O\'Hara'),(280,'David Ogden Stiers'),(2739,'David Oyelowo'),(1041,'David Powledge'),(13,'David Proval'),(2466,'David Prowse'),(2605,'David Schofield'),(743,'David St. James'),(52,'David Steen'),(777,'David Strathairn'),(1431,'David Tennant'),(2197,'David White'),(256,'Daya Shankar Pandey'),(1934,'De\'voreaux White'),(2897,'Dean R. Brooks'),(2268,'Debbie Reynolds'),(2344,'Debbon Ayer'),(355,'Debi Derryberry'),(1407,'Della Saba'),(2027,'Delroy Lindo'),(2167,'Denholm Elliott'),(2228,'Denis Ménochet'),(50,'Dennis Christopher'),(2246,'Dennis Farina'),(1883,'Dennis Haysbert'),(2142,'Dennis Holahan'),(266,'Dennis Hopper'),(648,'Dennis Price'),(972,'Dennis Weaver'),(1638,'Denzel Whitaker'),(818,'Deok-jae Jo'),(374,'Derek Jacobi'),(2953,'Des Webb'),(1225,'Desmond Dube'),(622,'Devon Aoki'),(1648,'Dexter Fletcher'),(2385,'Diahnne Abbott'),(559,'Diana Körner'),(761,'Diana Lewis'),(941,'Diane Keaton'),(2221,'Diane Kruger'),(1918,'Diane Ladd'),(1958,'Diane Lane'),(1878,'Diane Venora'),(713,'Dick Miller'),(1696,'Dick Smothers'),(1056,'Dickie Gravois'),(2933,'Dileep Rao'),(1259,'Dillon Freasier'),(2292,'Dimitra Arliss'),(618,'Dion Lam'),(395,'Djimon Hounsou'),(670,'Domhnall Gleeson'),(385,'Dominic Applewhite'),(839,'Dominik Castell'),(1538,'Dominique Briand'),(2702,'Dominique Daguier'),(2433,'Dominique Pinon'),(1872,'Don Blackman'),(2838,'Don Brockett'),(1224,'Don Cheadle'),(2803,'Don Creech'),(1983,'Don Dunphy'),(2713,'Don Fellows'),(1181,'Don Keefer'),(1401,'Don Lake'),(1692,'Don Rickles'),(799,'Don Taylor'),(1614,'Donald Burton'),(117,'Donald Fullilove'),(483,'Donald Glover'),(1365,'Donald Moffat'),(2267,'Donald O\'Connor'),(1942,'Donald Pleasence'),(946,'Donald Symington'),(2353,'Donald Wolfit'),(2824,'Donna Reed'),(962,'Donna Sorbello'),(1178,'Donnelly Rhodes'),(1412,'Donnie Wahlberg'),(537,'Donnie Yen'),(2722,'Dooley Wilson'),(2312,'Dorian Harewood'),(690,'Dorothy Adams'),(2511,'Dorothy Comingore'),(929,'Dorris Bowdon'),(2663,'Doug Hutchison'),(1902,'Doug Jones'),(1191,'Doug Murray'),(2272,'Douglas Fowley'),(2281,'Douglas Rain'),(2859,'Douglas Silva'),(1553,'Dreama Walker'),(2877,'Drewe Henley'),(882,'Duane Howard'),(1027,'Dunia Saldívar'),(1055,'Dwight Henry'),(2753,'Dylan Bruno'),(520,'Dylan Minnette'),(909,'E. Kostin'),(3002,'E.G. Marshall'),(712,'Earl Boen'),(3006,'Ed Begley'),(2284,'Ed Bishop'),(1152,'Ed Crowley'),(1575,'Ed Harris'),(2315,'Ed O\'Ross'),(1116,'Ed Skrein'),(2637,'Ed Stoppard'),(333,'Eddie Albert'),(1724,'Eddie Boland'),(2876,'Eddie Byrne'),(356,'Eddie Frierson'),(1571,'Eddie Marsan'),(933,'Eddie Quillan'),(825,'Eddra Gale'),(779,'Edgar Ramírez'),(2198,'Edie Adams'),(613,'Edison Chen'),(2215,'Edna Purviance'),(2866,'Edson Oliveira'),(1810,'Edward Arnold'),(2025,'Edward Asner'),(1599,'Edward Binns'),(2442,'Edward Bunker'),(2746,'Edward Burns'),(1507,'Edward Fielding'),(864,'Edward Fox'),(2649,'Edward Furlong'),(2365,'Edward G. Robinson'),(1776,'Edward James Olmos'),(2676,'Edward LeSaint'),(1049,'Edward Norton'),(2491,'Edward Platt'),(1681,'Eijirô Tôno'),(311,'Eiko Miyoshi'),(2287,'Eileen Brennan'),(1462,'Eileen Nicholas'),(410,'Eleanor Henry'),(2261,'Elena Altieri'),(1189,'Elena Wohl'),(2219,'Eli Roth'),(2962,'Eli Wallach'),(1095,'Elias Koteas'),(2030,'Elie Docter'),(2338,'Elijah Wood'),(2210,'Elisabeth Granli'),(1219,'Elisha Cook Jr.'),(105,'Elissa Knight'),(2297,'Elizabeth Berridge'),(2522,'Elizabeth McGovern'),(1787,'Elizabeth Olsen'),(1394,'Elizabeth Perkins'),(2808,'Elizabeth Regen'),(2398,'Ellen Burstyn'),(2481,'Ellen Corby'),(1387,'Ellen DeGeneres'),(2807,'Ellen Greene'),(2932,'Ellen Page'),(471,'Ellen Pompeo'),(2450,'Ellen Widmann'),(2759,'Elliott Gould'),(2470,'Elsa Lanchester'),(615,'Elva Hsiao'),(3011,'Embeth Davidtz'),(2865,'Emerson Gomes'),(1316,'Emile Hirsch'),(128,'Emile Meyer'),(2635,'Emilia Fox'),(1016,'Emilio Echevarría'),(2362,'Emily Hahn'),(1090,'Emily Mortimer'),(1354,'Emily Ratajkowski'),(1789,'Emily VanCamp'),(2264,'Emma Druetti'),(98,'Emma Dunn'),(1573,'Emma Field-Rayner'),(411,'Emma Henry'),(402,'Emma Stone'),(1076,'Emma Thompson'),(668,'Emma Watson'),(2852,'Endre Hules'),(213,'Enrico Glori'),(75,'Enzo Cannavale'),(2965,'Enzo Petito'),(2256,'Enzo Staiola'),(1334,'Eric Bana'),(1268,'Eric Idle'),(659,'Eric Messiter'),(3032,'Eric Roberts'),(2983,'Eric Stoltz'),(610,'Eric Tsang'),(1003,'Erica Rivas'),(1262,'Erica Sullivan'),(1971,'Erich Ponto'),(165,'Erich von Stroheim'),(956,'Erick Avari'),(1735,'Erik Strandmark'),(2240,'Erik von Detten'),(522,'Erin Gerasimovich'),(730,'Ernest Abuba'),(838,'Erni Mangold'),(184,'Ernie Sabella'),(1969,'Ernst Deutsch'),(2461,'Ernst Stahl-Nachbaur'),(2514,'Erskine Sanford'),(2148,'Erwin Biswanger'),(2502,'Erwin Leder'),(2328,'Estelle Evans'),(2360,'Estelle Harris'),(509,'Estelle Omens'),(102,'Esther Michelson'),(832,'Ethan Hawke'),(2756,'Ethan Suplee'),(1812,'Eugene Pallette'),(2989,'Eugenie Bondurant'),(1910,'Eusebio Lázaro'),(2484,'Eva Marie Saint'),(443,'Eva von Hanno'),(669,'Evanna Lynch'),(2667,'Eve Brent'),(325,'Eve McVeagh'),(1434,'Evelyn Keyes'),(1442,'Everett Brown'),(2515,'Everett Sloane'),(438,'Ewa Fröling'),(1455,'Ewan McGregor'),(1456,'Ewen Bremner'),(2995,'Ezra Buzzington'),(1043,'F. Murray Abraham'),(884,'Fabrice Adde'),(908,'Faime Jurno'),(2757,'Fairuza Balk'),(1232,'Fana Mokoena'),(2061,'Farida Dadi'),(596,'Farley Granger'),(1166,'Faustini'),(2265,'Fausto Guerzoni'),(1143,'Faye Dunaway'),(2119,'Fereshte Sarabandi'),(1635,'Fernando Chien'),(985,'Finlay Currie'),(1421,'Firdous Bamji'),(1528,'Flea'),(1503,'Florence Bates'),(2690,'Florence Lee'),(1157,'Folco Lulli'),(1656,'Folke Sundquist'),(1240,'Forest Whitaker'),(878,'Forrest Goodluck'),(2578,'Fort Atkinson'),(2370,'Fortunio Bonanova'),(2016,'Frances Fisher'),(1110,'Frances Lee McCain'),(3025,'Francesca De Sapio'),(2795,'Francesco Guzzo'),(1241,'Francesco Quinn'),(2474,'Francis Compton'),(2741,'Francis X. McCarthy'),(1911,'Francisco Vidal'),(716,'Franco Columbu'),(535,'Franco Moruzzi'),(2703,'François Caron'),(2692,'François Cluzet'),(1135,'François Nocher'),(1978,'Frank Adonis'),(2386,'Frank Adu'),(2732,'Frank Albertson'),(1670,'Frank Barnes'),(157,'Frank Berry'),(2684,'Frank Cady'),(936,'Frank Darien'),(2915,'Frank DiLeo'),(2827,'Frank Faylen'),(2639,'Frank Finlay'),(1630,'Frank Grillo'),(1771,'Frank Harper'),(465,'Frank John Hughes'),(561,'Frank Middlemass'),(2282,'Frank Miller'),(765,'Frank Morgan'),(2324,'Frank Overton'),(698,'Frank Oz'),(963,'Frank S. Aronson'),(2839,'Frank Seals Jr.'),(2810,'Frank Senger'),(2911,'Frank Sivero'),(935,'Frank Sully'),(986,'Frank Thring'),(1980,'Frank Topham'),(1697,'Frank Vincent'),(1853,'Frank Welker'),(2977,'Frank Whaley'),(2783,'Frank Wolff'),(2837,'Frankie Faison'),(1079,'Frankie McCafferty'),(170,'Franklyn Farnum'),(2460,'Franz Stein'),(132,'Fred Bell'),(167,'Fred Clark'),(1437,'Fred Crane'),(2188,'Fred MacMurray'),(2677,'Fred Malatesta'),(1009,'Fred Savage'),(2716,'Fred Sorenson'),(107,'Fred Willard'),(1644,'Freddie Jones'),(261,'Frederic Forrest'),(1540,'Frédéric Paquet'),(1668,'Frederick Vroom'),(677,'Fredric March'),(2454,'Friedrich Gnaß'),(3017,'Friedrich von Thun'),(802,'Fritz Dominique'),(2455,'Fritz Odemar'),(2146,'Fritz Rasp'),(534,'Fusia El Kader'),(267,'G.D. Spradlin'),(2813,'Gabriel Byrne'),(2779,'Gabriele Ferzetti'),(1017,'Gael García Bernal'),(2355,'Gamil Ratib'),(1376,'Garret Dillahunt'),(1606,'Garrick Hagon'),(2389,'Garth Avery'),(316,'Gary Cooper'),(1474,'Gary Houston'),(2275,'Gary Lockwood'),(748,'Gary Lundy'),(2098,'Gary Merrill'),(2081,'Gary Oldman'),(1106,'Gary Riley'),(511,'Gary Springer'),(3022,'Gastone Moschin'),(557,'Gay Hamilton'),(2223,'Gedeon Burkhard'),(308,'Gen Shimizu'),(1190,'Gene Amoroso'),(1155,'Gene Gross'),(2012,'Gene Hackman'),(2266,'Gene Kelly'),(1798,'Geoffrey Horne'),(382,'Geoffrey Rush'),(2459,'Georg John'),(2844,'George \'Red\' Schwartz'),(1453,'George Alderson'),(149,'George C. Scott'),(2851,'George Christy'),(2518,'George Coulouris'),(2620,'George DiCenzo'),(1512,'George Dzundza'),(2044,'George E. Stone'),(1175,'George Furth'),(2941,'George Kelly'),(1483,'George Kennedy'),(39,'George Leaver'),(1452,'George Leigh'),(122,'George Macready'),(2988,'George Maguire'),(759,'George Memmoli'),(1716,'George O\'Brien'),(762,'George O\'Hanlon'),(2038,'George Raft'),(1436,'George Reeves'),(988,'George Relph'),(1497,'George Sanders'),(3007,'George Voskovec'),(854,'Georges Chamarat'),(1132,'Georges Flamant'),(2521,'Georgia Backus'),(1795,'Georgia Hale'),(2682,'Georgine Darcy'),(899,'Gerald R. Molen'),(1552,'Geraldine Hughes'),(872,'Geraldine James'),(1422,'Gerard Butler'),(2085,'Gerard Murphy'),(1025,'Gerardo Campbell'),(2417,'Gerda Stevenson'),(2462,'Gerhard Bienert'),(1002,'Germán de Silva'),(2337,'Gerry Robert Byrne'),(1660,'Gertrud Fridh'),(360,'Gian Maria Volontè'),(2817,'Giancarlo Esposito'),(3041,'Gianni Russo'),(2798,'Gil Baroni'),(6,'Gil Bellows'),(453,'Giles New'),(2537,'Gillian Anderson'),(2917,'Gina Mastrogiacomo'),(1396,'Ginnifer Goodwin'),(2388,'Gino Ardito'),(2258,'Gino Saltamerenda'),(2787,'Giorgio Cantarini'),(2747,'Giovanni Ribisi'),(2792,'Giuliana Lojodice'),(2260,'Giulio Chiari'),(2788,'Giustino Durano'),(1502,'Gladys Cooper'),(684,'Gladys George'),(1666,'Glen Cavender'),(159,'Glenn Beck'),(397,'Glenn Close'),(1416,'Glenn Fitzgerald'),(2879,'Gloria Foster'),(2828,'Gloria Grahame'),(164,'Gloria Swanson'),(564,'Godfrey Quigley'),(1909,'Gonzalo Uriarte'),(1945,'Gordon Jackson'),(343,'Gorella Gori'),(914,'Gorô Naya'),(1018,'Goya Toledo'),(94,'Grace Hayle'),(320,'Grace Kelly'),(244,'Gracy Singh'),(2213,'Graham Beckel'),(1265,'Graham Chapman'),(673,'Graham Duff'),(2662,'Graham Greene'),(1817,'Grant Mitchell'),(1417,'Greg Wood'),(1164,'Grégoire Gromoff'),(2701,'Grégoire Oestermann'),(331,'Gregory Peck'),(2100,'Gregory Ratoff'),(826,'Guido Alberti'),(1754,'Guillermo Francella'),(1072,'Gunnar Björnstrand'),(1734,'Gunnar Olsson'),(1662,'Gunnar Sjöberg'),(1659,'Gunnel Broström'),(1731,'Gunnel Lindblom'),(870,'Günther Maria Halmer'),(2519,'Gus Schilling'),(2453,'Gustaf Gründgens'),(2144,'Gustav Fröhlich'),(1131,'Guy Decomble'),(1811,'Guy Kibbee'),(230,'Guy Pearce'),(2762,'Guy Torry'),(1277,'Gwen Taylor'),(1744,'Gwendoline Christie'),(426,'Gwyneth Paltrow'),(725,'H. Michael Walls'),(177,'H.B. Warner'),(811,'Hae-il Park'),(1226,'Hakeem Kae-Kazim'),(162,'Hal Galili'),(1324,'Hal Holbrook'),(1409,'Haley Joel Osment'),(1541,'Hamed Najem'),(2164,'Hamid Dadju'),(2077,'Hana Shuan'),(103,'Hank Mann'),(1646,'Hannah Gordon'),(1943,'Hannes Messemer'),(835,'Hanno Pöschl'),(844,'Hans Weingartner'),(64,'Hans-Uwe Bauer'),(841,'Harald Waiglein'),(335,'Harcourt Williams'),(555,'Hardy Krüger'),(2940,'Harold G. Herthum'),(1802,'Harold Goodwin'),(2288,'Harold Gould'),(683,'Harold Russell'),(237,'Harriet Sansom Harris'),(2136,'Harris Yulin'),(265,'Harrison Ford'),(1256,'Harrison Taylor'),(1814,'Harry Carey'),(2391,'Harry Cohn'),(194,'Harry Dean Stanton'),(2394,'Harry Fischler'),(323,'Harry Morgan'),(2691,'Harry Myers'),(3019,'Harry Nehring'),(327,'Harry Shannon'),(2624,'Harry Waters Jr.'),(2047,'Harry Wilson'),(1930,'Hart Bochner'),(334,'Hartley Power'),(1712,'Haruko Katô'),(1677,'Haruko Sugimura'),(1821,'Haruo Tanaka'),(1472,'Harve Presnell'),(1047,'Harvey Keitel'),(2126,'Hasan Roohparvari'),(1438,'Hattie McDaniel'),(2688,'Havis Davenport'),(2853,'Hawthorne James'),(981,'Haya Harareet'),(840,'Haymon Maria Buttinger'),(3026,'Heath Ledger'),(174,'Hedda Hopper'),(1973,'Hedwig Bleibtreu'),(797,'Heidi Schanz'),(1804,'Heihachirô Ôkawa'),(2002,'Heino Ferch'),(2149,'Heinrich George'),(2504,'Heinz Hoenig'),(199,'Helen Horton'),(947,'Helen Ludlam'),(1647,'Helen Ryan'),(373,'Helena Bonham Carter'),(572,'Héloïse Rauth'),(2916,'Henny Youngman'),(1793,'Henry Bergman'),(92,'Henry Daniell'),(926,'Henry Fonda'),(1173,'Henry Jones'),(2826,'Henry Travers'),(2497,'Herbert Grönemeyer'),(68,'Herbert Knaup'),(808,'Hie-bong Byeon'),(1031,'Hilary Swank'),(305,'Hiroshi Tachikawa'),(540,'Hiroyuki Ikeuchi'),(913,'Hisako Kyôda'),(1684,'Hisao Toake'),(1838,'Hisashi Igawa'),(1847,'Hitoshi Takagi'),(682,'Hoagy Carmichael'),(793,'Holland Taylor'),(735,'Holmes Osborne'),(2192,'Hope Holiday'),(2791,'Horst Buchholz'),(1443,'Howard C. Hickman'),(604,'Howard St. John'),(300,'Hsien Yu'),(567,'Hubert Koundé'),(2499,'Hubertus Bengsch'),(1773,'Huggy Leaver'),(657,'Hugh Griffith'),(133,'Hugh Jackman'),(1199,'Hugh Keays-Byrne'),(2099,'Hugh Marlowe'),(1561,'Hugo Weaving'),(620,'Hui Kam Fung'),(222,'Huma Qureshi'),(1024,'Humberto Busto'),(1211,'Humphrey Bogart'),(1534,'Hussein Sami'),(1785,'Hy Pyke'),(2545,'Hye-jeong Kang'),(815,'Hyeon-gi Choi'),(2354,'I.S. Johar'),(1337,'Ian \'Molly\' Meldrum'),(868,'Ian Charleson'),(196,'Ian Holm'),(324,'Ian MacDonald'),(2465,'Ian McDiarmid'),(965,'Ian Sherman'),(2322,'Ian Tyler'),(2471,'Ian Wolfe'),(915,'Ichirô Nagai'),(212,'Ida Galli'),(1398,'Idris Elba'),(2112,'Ikio Sawamura'),(2555,'Il-han Oo'),(496,'Ilan Goodman'),(1300,'Ilario Calvo'),(817,'In-seon Jeong'),(1728,'Inga Gill'),(1730,'Inga Landgré'),(2451,'Inge Landgut'),(2718,'Ingrid Bergman'),(1654,'Ingrid Thulin'),(2946,'Ione M. Telech'),(1209,'Iota'),(1602,'Irene Papas'),(2687,'Irene Winston'),(731,'Irma St. Paule'),(1467,'Irvine Welsh'),(76,'Isa Danieli'),(457,'Isaac C. Singleton Jr.'),(2432,'Isabelle Nanty'),(1829,'Isao Kimura'),(2178,'Isla Blair'),(302,'Isuzu Yamada'),(1908,'Ivan Massagué'),(1899,'Ivana Baquero'),(1720,'J. Farrell MacDonald'),(41,'J. Robert Spencer'),(1484,'J.D. Cannon'),(2622,'J.J. Cohen'),(1403,'J.K. Simmons'),(704,'Jack Angel'),(499,'Jack Bannon'),(156,'Jack Creley'),(448,'Jack Davenport'),(2782,'Jack Elam'),(768,'Jack Haley'),(980,'Jack Hawkins'),(1531,'Jack Kehler'),(2291,'Jack Kehoe'),(3003,'Jack Klugman'),(2190,'Jack Kruschen'),(2037,'Jack Lemmon'),(16,'Jack Nicholson'),(2409,'Jack O\'Connell'),(90,'Jack Oakie'),(2874,'Jack Purvis'),(2822,'Jack Shearer'),(497,'Jack Tarlton'),(3004,'Jack Warden'),(169,'Jack Webb'),(2216,'Jackie Coogan'),(1092,'Jackie Earle Haley'),(2224,'Jacky Ido'),(1253,'Jacob Stringer'),(1887,'Jacob Tremblay'),(857,'Jacques Hilling'),(87,'Jacques Perrin'),(861,'Jacques Varennes'),(2536,'Jada Pinkett Smith'),(807,'Jae-ho Song'),(2128,'Jafar Seyfollahi'),(221,'Jaideep Ahlawat'),(2014,'Jaimz Woolvett'),(515,'Jake Gyllenhaal'),(1636,'Jake McLaughlin'),(219,'Jameel Khan'),(2430,'Jamel Debbouze'),(2331,'James Anderson'),(2631,'James Badge Dale'),(512,'James Broderick'),(463,'James Brolin'),(1220,'James Burke'),(3035,'James Caan'),(695,'James Coburn'),(1461,'James Cosmo'),(2203,'James Cromwell'),(1797,'James Donald'),(739,'James Duval'),(154,'James Earl Jones'),(1940,'James Garner'),(2527,'James Hayden'),(1781,'James Hong'),(271,'James Keane'),(2382,'James Marcus'),(2485,'James Mason'),(493,'James Northcote'),(1326,'James O\'Neill'),(1925,'James O\'Rear'),(51,'James Remar'),(2411,'James Robinson'),(1931,'James Shigeta'),(2294,'James Sloyan'),(1808,'James Stewart'),(2621,'James Tolkan'),(345,'James Van Der Beek'),(1866,'James Westerfield'),(8,'James Whitmore'),(1691,'James Woods'),(1284,'Jameson Thomas'),(1193,'Jamey Sheridan'),(1298,'Jamie de Courcey'),(44,'Jamie Foxx'),(147,'Jamie Harris'),(2507,'Jan Fedder'),(2340,'Jane Adams'),(927,'Jane Darwell'),(1722,'Jane Winton'),(1717,'Janet Gaynor'),(967,'Janet Leigh'),(944,'Janet Margolin'),(2403,'Janet Sarno'),(2399,'Jared Leto'),(955,'Jason Alexander'),(1397,'Jason Bateman'),(2764,'Jason Bose Smith'),(629,'Jason Douglas'),(3000,'Jason Fitch'),(1760,'Jason Flemyng'),(1581,'Jason Gray-Stanford'),(1108,'Jason Oliver'),(2778,'Jason Robards'),(1051,'Jason Schwartzman'),(1762,'Jason Statham'),(191,'Jason Weaver'),(2056,'Javed Jaffrey'),(253,'Javed Khan'),(1372,'Javier Bardem'),(1749,'Javier Godino'),(1032,'Jay Baruchel'),(592,'Jay Mello'),(2598,'Jayson Blair'),(745,'Jazzie Mahannah'),(1807,'Jean Arthur'),(851,'Jean Brochard'),(1621,'Jean Dujardin'),(2269,'Jean Hagen'),(2366,'Jean Heather'),(858,'Jean Lefebvre'),(528,'Jean Martin'),(2800,'Jean Reno'),(830,'Jean Rougeul'),(1713,'Jean Simmons'),(860,'Jean Témerson'),(1141,'Jean-François Bergouignan'),(1128,'Jean-Pierre Léaud'),(2925,'Jed Brophy'),(1896,'Jee-Yun Lee'),(2863,'Jefechander Suplino'),(1522,'Jeff Bridges'),(1174,'Jeff Corey'),(474,'Jeff Daniels'),(106,'Jeff Garlin'),(891,'Jeff Goldblum'),(702,'Jeff Pidgeon'),(9,'Jeffrey DeMunn'),(626,'Jeffrey J. Dashnaw'),(2300,'Jeffrey Jones'),(587,'Jeffrey Kramer'),(594,'Jeffrey Voorhees'),(1414,'Jeffrey Zubernis'),(2842,'Jeffrie Lane'),(1319,'Jena Malone'),(2561,'Jenette Goldstein'),(1576,'Jennifer Connelly'),(384,'Jennifer Ehle'),(469,'Jennifer Garner'),(2755,'Jennifer Lien'),(1629,'Jennifer Morrison'),(696,'Jennifer Tilly'),(1399,'Jenny Slate'),(1233,'Jeremiah Ndlovu'),(2951,'Jeremy Bulloch'),(2748,'Jeremy Davies'),(181,'Jeremy Irons'),(2031,'Jeremy Leary'),(421,'Jeremy Renner'),(1218,'Jerome Cowan'),(1153,'Jerome Dempsey'),(2028,'Jerome Ranft'),(126,'Jerry Hausner'),(1103,'Jerry O\'Connell'),(278,'Jerry Orbach'),(268,'Jerry Ziesmer'),(2034,'Jess Harnell'),(274,'Jesse Corti'),(628,'Jesse De Luna'),(621,'Jessica Alba'),(406,'Jessica Chastain'),(2640,'Jessica Kate Meyer'),(2486,'Jessie Royce Landis'),(2685,'Jesslyn Fax'),(2544,'Ji-tae Yu'),(1584,'Jillie Simon'),(789,'Jim Carrey'),(180,'Jim Cummings'),(1667,'Jim Farley'),(1325,'Jim Gallien'),(1261,'Jim Meskimen'),(143,'Jim Piddock'),(2237,'Jim Varney'),(1530,'Jimmie Dale Gilmore'),(756,'Jimmy Gambina'),(2550,'Jin-seo Yoon'),(1834,'Jinpachi Nezu'),(282,'Jo Anne Worley'),(1083,'Jo Connor'),(1161,'Jo Dest'),(1487,'Jo Van Fleet'),(2509,'Joachim Bernhard'),(781,'Joan Allen'),(2359,'Joan Cusack'),(1496,'Joan Fontaine'),(650,'Joan Greenwood'),(949,'Joan Neuman'),(2042,'Joan Shawlee'),(1780,'Joanna Cassidy'),(1622,'Joanna Lumley'),(971,'Joanna Moore'),(2405,'Joanne Gordon'),(2602,'Joaquin Phoenix'),(2361,'Jodi Benson'),(760,'Jodi Letizia'),(2395,'Jodie Foster'),(1179,'Jody Gilbert'),(2763,'Joe Cortese'),(1042,'Joe D\'Angerio'),(2040,'Joe E. Brown'),(1521,'Joe Grifasi'),(1671,'Joe Keaton'),(1922,'Joe Mantell'),(2651,'Joe Morton'),(232,'Joe Pantoliano'),(1690,'Joe Pesci'),(1893,'Joe Pingue'),(1392,'Joe Ranft'),(755,'Joe Spinell'),(22,'Joe Turkel'),(1628,'Joel Edgerton'),(1366,'Joel Polis'),(2751,'Joerg Stadler'),(785,'Joey Ansah'),(733,'Joey Perillo'),(1937,'Joey Plewa'),(2735,'John Anderson'),(2921,'John Bach'),(2967,'John Bartha'),(1613,'John Bennett'),(1698,'John Bloom'),(1800,'John Boxer'),(1739,'John Boyega'),(605,'John Brown'),(1243,'John C. McGinley'),(396,'John C. Reilly'),(1149,'John Carpenter'),(928,'John Carradine'),(1094,'John Carroll Lynch'),(2847,'John Cassini'),(502,'John Cazale'),(2577,'John Cho'),(1266,'John Cleese'),(2375,'John Clive'),(114,'John Cygan'),(354,'John DeMita'),(2534,'John DiMaggio'),(2357,'John Dimech'),(1546,'John Dunn-Hill'),(1784,'John Edward Allen'),(1869,'John F. Hamilton'),(3001,'John Fiedler'),(468,'John Finn'),(1339,'John Flaus'),(2728,'John Gavin'),(865,'John Gielgud'),(691,'John Goodman'),(1222,'John Hamilton'),(2289,'John Heffernan'),(1870,'John Heldabrand'),(1916,'John Hillerman'),(2952,'John Hollis'),(349,'John Hostetter'),(1207,'John Howard'),(195,'John Hurt'),(1914,'John Huston'),(1946,'John Leyton'),(2737,'John Lithgow'),(3037,'John Marley'),(508,'John Marriott'),(2730,'John McIntire'),(2323,'John Megna'),(1990,'John Mighton'),(867,'John Mills'),(2239,'John Morris'),(655,'John Penrose'),(2371,'John Philliber'),(932,'John Qualen'),(2943,'John Randall'),(109,'John Ratzenberger'),(2169,'John Rhys-Davies'),(658,'John Salew'),(1510,'John Savage'),(2606,'John Shrapnel'),(1186,'John Slattery'),(1570,'John Standing'),(2316,'John Terry'),(2975,'John Travolta'),(1532,'John Turturro'),(1448,'John Williams'),(2948,'John Worsham'),(1276,'John Young'),(445,'Johnny Depp'),(1604,'Johnny Sekka'),(2194,'Johnny Seven'),(979,'Joi Lansing'),(917,'Jôji Yanami'),(746,'Jolene Purdy'),(1619,'Jon Bernthal'),(1620,'Jon Favreau'),(722,'Jon Seda'),(2320,'Jon Stafford'),(1876,'Jon Voight'),(1425,'Jonah Hill'),(589,'Jonathan Filley'),(2860,'Jonathan Haagensen'),(603,'Jonathan Hale'),(950,'Jonathan Munk'),(449,'Jonathan Pryce'),(3010,'Jonathan Sagall'),(179,'Jonathan Taylor Thomas'),(816,'Jong-ryol Choi'),(1457,'Jonny Lee Miller'),(1745,'Joonas Suotamo'),(1150,'Jordan Charney'),(2026,'Jordan Nagai'),(1021,'Jorge Salinas'),(235,'Jorja Fox'),(365,'José Calvo'),(2350,'José Ferrer'),(1757,'José Luis Gioia'),(1029,'José Sefami'),(2093,'José Torvay'),(1597,'Joseph Bernard'),(1979,'Joseph Bono'),(969,'Joseph Calleia'),(1965,'Joseph Cotten'),(363,'Joseph Egger'),(2580,'Joseph Gordon-Levitt'),(896,'Joseph Mazzello'),(720,'Joseph Melito'),(571,'Joseph Momo'),(1254,'Joseph Mussey'),(1165,'Joseph Palau-Fabre'),(14,'Joseph Ragno'),(1099,'Joseph Sikora'),(3005,'Joseph Sweeney'),(2696,'Joséphine de Meaux'),(2487,'Josephine Hutchinson'),(1373,'Josh Brolin'),(1964,'Josh Cooley'),(1200,'Josh Helman'),(1579,'Josh Lucas'),(881,'Joshua Burge'),(2024,'Josie Smith'),(2901,'Josip Elic'),(2723,'Joy Page'),(2195,'Joyce Jameson'),(1758,'Juan José Ortíz'),(1912,'Juanjo Cucalón'),(1950,'Jud Taylor'),(1582,'Judd Hirsch'),(15,'Jude Ciccolella'),(1048,'Jude Law'),(1498,'Judith Anderson'),(2680,'Judith Evelyn'),(801,'Judy Clayton'),(764,'Judy Garland'),(2542,'Julia Fletcher'),(2641,'Julia Rayner'),(776,'Julia Stiles'),(2881,'Julian Arahanga'),(2170,'Julian Glover'),(1297,'Julian Rhind-Tutt'),(1081,'Julian Walsh'),(2001,'Juliane Köhler'),(1523,'Julianne Moore'),(833,'Julie Delpy'),(1307,'Julie Dreyfus'),(1338,'Julie Forsyth'),(993,'Julieta Zylberberg'),(1655,'Jullan Kindahl'),(1313,'Jun Kunimura'),(2496,'Jürgen Prochnow'),(1898,'Justin Mader'),(2011,'Justus von Dohnányi'),(2078,'Jytte Kvinesdal'),(541,'Ka Tung Lam'),(1957,'Kaitlyn Dias'),(299,'Kam-wah Koo'),(2120,'Kamal Mirkarimi'),(1825,'Kamatari Fujiwara'),(2125,'Kambiz Peykarnegar'),(804,'Kang-ho Song'),(1115,'Karan Soni'),(2052,'Kareena Kapoor'),(2706,'Karen Allen'),(1084,'Karen Carlisle'),(394,'Karen Gillan'),(836,'Karl Bruckschwaiger'),(1861,'Karl Malden'),(601,'Kasey Rogers'),(2834,'Kasi Lemmons'),(1626,'Katarina Cas'),(477,'Kate Mara'),(2336,'Kate Winslet'),(1171,'Katharine Ross'),(1151,'Kathy Cronkite'),(110,'Kathy Najimy'),(2080,'Katie Holmes'),(319,'Katy Jurado'),(2600,'Kavita Patil'),(1841,'Kazuo Katô'),(2878,'Keanu Reeves'),(151,'Keenan Wynn'),(1805,'Keiichirô Katsumoto'),(2889,'Keiko Tsushima'),(2274,'Keir Dullea'),(447,'Keira Knightley'),(2804,'Keith A. Glascoe'),(1239,'Keith David'),(611,'Kelly Chen'),(293,'Kelly Lai Chen'),(1375,'Kelly Macdonald'),(1059,'Kelsey Scott'),(130,'Kem Dibbs'),(2657,'Ken Gibbel'),(645,'Ken Hudson Campbell'),(2905,'Ken Kenny'),(2083,'Ken Watanabe'),(1844,'Kenji Kodama'),(1314,'Kenji Ohba'),(1273,'Kenneth Colley'),(1595,'Kenneth MacKenna'),(1177,'Kenneth Mars'),(2302,'Kenneth McMillan'),(2303,'Kenny Baker'),(272,'Kerry Rossall'),(47,'Kerry Washington'),(1260,'Kevin Breznahan'),(2630,'Kevin Corrigan'),(959,'Kevin DeCoste'),(1242,'Kevin Dillon'),(1631,'Kevin Dunn'),(1458,'Kevin McKidd'),(458,'Kevin McNally'),(1694,'Kevin Pollak'),(2202,'Kevin Spacey'),(1783,'Kevin Thompson'),(2172,'Kevork Malikyan'),(2313,'Kevyn Major Howard'),(310,'Kichijirô Ueda'),(1104,'Kiefer Sutherland'),(1429,'Kieron Elliott'),(2317,'Kieron Jecchinis'),(1759,'Kiko Cerone'),(2204,'Kim Basinger'),(1349,'Kim Dickens'),(2477,'Kim Novak'),(240,'Kimberly Campbell'),(2159,'Kimia Hosseini'),(2445,'Kirk Baltz'),(119,'Kirk Douglas'),(2318,'Kirk Taylor'),(2342,'Kirsten Dunst'),(1383,'Kit Gwin'),(2180,'Klaus Kinski'),(2498,'Klaus Wennemann'),(2772,'Koba Hayashi'),(2599,'Kofi Siriboe'),(916,'Kôhei Miyauchi'),(309,'Kokuten Kôdô'),(2482,'Konstantin Shayne'),(2634,'Kristen Dalton'),(1323,'Kristen Stewart'),(473,'Kristen Wiig'),(433,'Kristian Almgren'),(1471,'Kristin Rudrüd'),(430,'Kristina Adolphson'),(880,'Kristoffer Joner'),(3018,'Krzysztof Luft'),(248,'Kulbhushan Kharbanda'),(1679,'Kuniko Miyake'),(1359,'Kurt Russell'),(1476,'Kurt Schweickhardt'),(843,'Kurti'),(2552,'Kwang-rok Oh'),(523,'Kyla-Drew'),(1121,'Kyle Cassie'),(1617,'Kyle Chandler'),(1959,'Kyle MacLachlan'),(1680,'Kyôko Kagawa'),(2114,'Kyû Sazanka'),(1695,'L.Q. Jones'),(976,'Lalo Rios'),(2255,'Lamberto Maggiorani'),(2902,'Lan Fendors'),(709,'Lance Henriksen'),(1860,'Lara Cody'),(1477,'Larissa Kokernot'),(10,'Larry Brandenburg'),(763,'Larry Carroll'),(242,'Larry Holden'),(171,'Larry J. Blake'),(1369,'Larry J. Franco'),(2530,'Larry Rapp'),(1819,'Larry Simms'),(2070,'Lars Ranthe'),(2067,'Lasse Fogelstrøm'),(55,'Laura Cayouette'),(890,'Laura Dern'),(399,'Laura Haddock'),(790,'Laura Linney'),(2974,'Laura Lovelace'),(342,'Laura Solari'),(1714,'Lauren Bacall'),(263,'Laurence Fishburne'),(1495,'Laurence Olivier'),(575,'Laurent Labasse'),(2241,'Laurie Metcalf'),(2833,'Lawrence A. Bonney'),(2961,'Lawrence Makoare'),(2835,'Lawrence T. Wrentz'),(2441,'Lawrence Tierney'),(1854,'Lea Salonga'),(1052,'Léa Seydoux'),(2614,'Lea Thompson'),(2857,'Leandro Firmino'),(1343,'Leanne Smith'),(1235,'Lebo Mashile'),(450,'Lee Arenberg'),(593,'Lee Fierro'),(1862,'Lee J. Cobb'),(392,'Lee Pace'),(1215,'Lee Patrick'),(2295,'Lee Paul'),(3020,'Lee Strasberg'),(328,'Lee Van Cleef'),(2843,'Leib Lensky'),(1865,'Leif Erickson'),(2152,'Leila Hatami'),(2106,'Leland Harris'),(1237,'Leleti Khumalo'),(525,'Len Cariou'),(2251,'Lennie James'),(1768,'Lenny McLean'),(1450,'Leo Britt'),(599,'Leo G. Carroll'),(77,'Leo Gullotta'),(1505,'Leonard Carey'),(2397,'Leonard Harris'),(565,'Leonard Rossiter'),(46,'Leonardo DiCaprio'),(995,'Leonardo Sbaraglia'),(2724,'Leonid Kinskey'),(81,'Leopoldo Trieste'),(646,'Les Podewell'),(2493,'Les Tremayne'),(1649,'Lesley Dunlop'),(2656,'Leslie Hamilton Gearren'),(1445,'Leslie Howard'),(1955,'Lewis Black'),(214,'Lex Barker'),(549,'Li Chak'),(25,'Lia Beldam'),(2079,'Liam Neeson'),(2257,'Lianella Carell'),(845,'Liese Lyon'),(1185,'Liev Schreiber'),(2023,'Liisa Repo-Martell'),(1913,'Lina Mira'),(707,'Linda Hamilton'),(2084,'Linus Roache'),(2825,'Lionel Barrymore'),(2784,'Lionel Stander'),(1352,'Lisa Banes'),(30,'Lisa Burns'),(1420,'Lisa Summerour'),(2304,'Lisbeth Bartlett'),(1070,'Liv Ullmann'),(2968,'Livio Lorenzon'),(318,'Lloyd Bridges'),(168,'Lloyd Gough'),(1356,'Lola Kirke'),(322,'Lon Chaney Jr.'),(2428,'Lorella Cravotta'),(1938,'Lorenzo Caccialanza'),(2186,'Lorenzo Robledo'),(1981,'Lori Anne Flax'),(2909,'Lorraine Bracco'),(584,'Lorraine Gary'),(1485,'Lou Antonio'),(2903,'Louise Fletcher'),(2402,'Louise Lasser'),(1030,'Lourdes Echevarría'),(1539,'Lubna Azabal'),(1034,'Lucia Rijker'),(2811,'Lucius Wyatt Cherokee'),(788,'Lucy Liemann'),(1302,'Lucy Liu'),(2646,'Lucy Skeaping'),(2179,'Luigi Pistilli'),(1163,'Luis De Lima'),(2869,'Luis Otávio'),(2181,'Luis Rodríguez'),(888,'Lukas Haas'),(1490,'Luke Askew'),(1506,'Lumsden Hare'),(1741,'Lupita Nyong\'o'),(2734,'Lurene Tuttle'),(660,'Lyn Evans'),(539,'Lynn Hung'),(1777,'M. Emmet Walsh'),(1806,'M.R.B. Chakrabandhu'),(1230,'Mabutho \'Kid\' Sithole'),(2199,'Machiko Kyô'),(108,'MacInTalk'),(1791,'Mack Swain'),(451,'Mackenzie Crook'),(482,'Mackenzie Davis'),(2736,'Mackenzie Foy'),(823,'Madeleine Lebeau'),(732,'Madeleine Stowe'),(188,'Madge Sinclair'),(2050,'Madhavan'),(2064,'Mads Mikkelsen'),(1517,'Mady Kaplan'),(204,'Magali Noël'),(288,'Maggie Cheung'),(736,'Maggie Gyllenhaal'),(2936,'Magnus Nolan'),(912,'Mahito Tsujimura'),(1544,'Majida Hussein'),(440,'Majlis Granlund'),(1826,'Makoto Kobori'),(2372,'Malcolm McDowell'),(1794,'Malcolm Waite'),(3012,'Malgorzata Gebel'),(1327,'Malinda McCollum'),(294,'Man-Lei Chan'),(351,'Mandy Patinkin'),(29,'Manning Redwood'),(215,'Manoj Bajpayee'),(1905,'Manolo Solo'),(1846,'Mansai Nomura'),(2092,'Manuel Dondé'),(1640,'Manuel Espinosa'),(2183,'Mara Krupp'),(2888,'Marc Aden Gray'),(1491,'Marc Cavell'),(2618,'Marc McClure'),(200,'Marcello Mastroianni'),(1317,'Marcia Gay Harden'),(506,'Marcia Jean Kurtz'),(78,'Marco Leonardi'),(1022,'Marco Pérez'),(2880,'Marcus Chong'),(770,'Margaret Hamilton'),(1718,'Margaret Livingston'),(336,'Margaret Rawlings'),(2278,'Margaret Tyzack'),(1071,'Margaretha Krook'),(366,'Margarita Lozano'),(2094,'Margarito Luna'),(1015,'Margery Mason'),(1037,'Margo Martindale'),(2945,'Margo Moorer'),(1615,'Margot Robbie'),(2768,'Mari Natsuki'),(516,'Maria Bello'),(441,'Maria Granlund'),(990,'María Marull'),(1000,'María Onetto'),(2841,'Maria Skorobogatov'),(359,'Marianne Koch'),(241,'Marianne Muellerleile'),(1756,'Mariano Argento'),(1901,'Maribel Verdú'),(70,'Marie Gruber'),(558,'Marie Kean'),(2035,'Marilyn Monroe'),(1753,'Mario Alarcón'),(369,'Mario Brega'),(827,'Mario Conocchia'),(1977,'Mario Gallo'),(831,'Mario Pisu'),(2582,'Marion Cotillard'),(602,'Marion Lorne'),(1665,'Marion Mack'),(553,'Marisa Berenson'),(2790,'Marisa Paredes'),(638,'Marita Geraghty'),(233,'Mark Boone Junior'),(2960,'Mark Ferguson'),(347,'Mark Hamill'),(742,'Mark Hoffman'),(3014,'Mark Ivanir'),(2407,'Mark Margolis'),(1245,'Mark Moses'),(1527,'Mark Pellegrino'),(7,'Mark Rolston'),(419,'Mark Ruffalo'),(145,'Mark Ryan'),(492,'Mark Strong'),(2625,'Mark Wahlberg'),(2235,'Mark Zycon'),(1590,'Marlene Dietrich'),(258,'Marlon Brando'),(2400,'Marlon Wayans'),(2541,'Marnie Mosiman'),(1109,'Marshall Bell'),(983,'Martha Scott'),(2729,'Martin Balsam'),(1608,'Martin Benson'),(73,'Martin Brambach'),(2306,'Martin Cavina'),(894,'Martin Ferrero'),(2489,'Martin Landau'),(2503,'Martin May'),(2500,'Martin Semmelrogge'),(259,'Martin Sheen'),(1251,'Martin Stringer'),(59,'Martina Gedeck'),(2957,'Marton Csokas'),(1519,'Mary Ann Haenel'),(1212,'Mary Astor'),(2132,'Mary Elizabeth Mastrantonio'),(693,'Mary Gibbs'),(283,'Mary Kay Bergman'),(738,'Mary McDonnell'),(2831,'Mary Treen'),(920,'Masako Sugaya'),(1830,'Masao Shimizu'),(2200,'Masayuki Mori'),(1840,'Masayuki Yui'),(2799,'Massimo Bianchi'),(2124,'Masume Dair'),(2861,'Matheus Nachtergaele'),(1044,'Mathieu Amalric'),(2426,'Mathieu Kassovitz'),(472,'Matt Damon'),(2882,'Matt Doran'),(1891,'Matt Gordon'),(2540,'Matt K. Miller'),(2207,'Matt McCoy'),(1993,'Matt Mercier'),(490,'Matthew Beard'),(1252,'Matthew Braden Stringer'),(178,'Matthew Broderick'),(487,'Matthew Goode'),(1616,'Matthew McConaughey'),(2309,'Matthew Modine'),(66,'Matthias Brenner'),(2004,'Matthias Habich'),(1729,'Maud Hansson'),(2638,'Maureen Lipman'),(1087,'Maureen McBride'),(2437,'Maurice Bénichou'),(1408,'Maurice LaMarche'),(97,'Maurice Moscovitch'),(2870,'Maurício Marques'),(2596,'Max Kasch'),(2752,'Max Martini'),(1088,'Max von Sydow'),(1537,'Maxim Gaudette'),(1591,'Maximilian Schell'),(1632,'Maximiliano Hernández'),(2984,'Meat Loaf'),(579,'Médard Niang'),(2958,'Megan Edwards'),(2906,'Mel Lambert'),(1013,'Mel Smith'),(2218,'Mélanie Laurent'),(883,'Melaw Nakehk\'o'),(2590,'Melissa Benoist'),(1536,'Mélissa Désormeaux-Poulin'),(518,'Melissa Leo'),(1478,'Melissa Peterman'),(1700,'Melissa Prophet'),(1504,'Melville Cooper'),(2571,'Mena Suvari'),(2156,'Merila Zare\'i'),(1511,'Meryl Streep'),(2419,'Mhairi Calvey'),(812,'Mi-seon Jeon'),(1603,'Michael Ansara'),(2806,'Michael Badalucco'),(2373,'Michael Bates'),(1117,'Michael Benyaer'),(456,'Michael Berry Jr.'),(2895,'Michael Berryman'),(706,'Michael Biehn'),(1312,'Michael Bowen'),(2171,'Michael Byrne'),(135,'Michael Caine'),(723,'Michael Chance'),(630,'Michael Clarke Duncan'),(2939,'Michael Conner Humphreys'),(1645,'Michael Elphick'),(2959,'Michael Elsworth'),(2220,'Michael Fassbender'),(1605,'Michael Forest'),(664,'Michael Gambon'),(2380,'Michael Gover'),(2612,'Michael J. Fox'),(2661,'Michael Jeter'),(2408,'Michael Kaycheck'),(1183,'Michael Keaton'),(1306,'Michael Madsen'),(350,'Michael McShane'),(2006,'Michael Mendl'),(2140,'Michael P. Moran'),(1270,'Michael Palin'),(1311,'Michael Parks'),(475,'Michael Peña'),(2467,'Michael Pennington'),(393,'Michael Rooker'),(977,'Michael Sargent'),(3021,'Michael V. Gazzo'),(2636,'Michal Zebrowski'),(2867,'Michel de Souza'),(1138,'Michel Girard'),(1142,'Michel Lesignor'),(2356,'Michel Ray'),(2438,'Michel Robin'),(853,'Michel Serrault'),(2263,'Michele Sakara'),(2131,'Michelle Pfeiffer'),(1089,'Michelle Williams'),(2032,'Mickie McGowan'),(1836,'Mieko Harada'),(900,'Miguel Sandoval'),(1033,'Mike Colter'),(1672,'Mike Donlin'),(2046,'Mike Mazurki'),(2249,'Mike Reid'),(2913,'Mike Starr'),(414,'Mike Vogel'),(1822,'Miki Odagiri'),(2308,'Milan Demjanenko'),(653,'Miles Malleson'),(2589,'Miles Teller'),(2270,'Millard Mitchell'),(2543,'Min-sik Choi'),(925,'Mîna Tominaga'),(1956,'Mindy Kaling'),(687,'Minna Gombell'),(1987,'Minnie Driver'),(306,'Minoru Chiaki'),(918,'Minoru Yada'),(1824,'Minosuke Yamada'),(2673,'Mira McKinney'),(2134,'Miriam Colon'),(2381,'Miriam Karlin'),(1418,'Mischa Barton'),(1353,'Missi Pyle'),(1067,'Mister Mackey Jr.'),(1708,'Mitsunori Isaki'),(2767,'Miyu Irino'),(536,'Mohamed Ben Kassen'),(2115,'Mohammad Amir Naji'),(2165,'Mohammad Ebrahimian'),(2123,'Mohammad-Hasan Hosseinian'),(2162,'Mohammadhasan Asghari'),(182,'Moira Kelly'),(2055,'Mona Singh'),(991,'Mónica Villa'),(3028,'Monique Gabriela Curnen'),(1592,'Montgomery Clift'),(948,'Mordecai Lawner'),(1127,'Morena Baccarin'),(326,'Morgan Farley'),(2,'Morgan Freeman'),(1782,'Morgan Paull'),(1489,'Morgan Woodward'),(974,'Mort Mills'),(2062,'Mukund Bhatt'),(2674,'Murdock MacQuarrie'),(1221,'Murray Alper'),(585,'Murray Hamilton'),(560,'Murray Melvin'),(1533,'Mustafa Kamel'),(1686,'Mutsuko Sakura'),(2899,'Mwako Cumbuka'),(1881,'Mykelti Williamson'),(676,'Myrna Loy'),(577,'Nabil Ben Mhamed'),(1547,'Nadia Essadiqi'),(2118,'Nafise Jafar-Mohammadi'),(1124,'Naika Toussaint'),(1658,'Naima Wifstrand'),(313,'Nakajirô Tomita'),(998,'Nancy Dupláa'),(470,'Nancy Lenehan'),(166,'Nancy Olson'),(1924,'Nandu Hinds'),(1852,'Naoki Tatsuta'),(2193,'Naomi Stevens'),(2396,'Nat Grant'),(1293,'Natalie Dormer'),(1560,'Natalie Portman'),(907,'Natalya Abramova'),(792,'Natascha McElhone'),(1569,'Natasha Wightman'),(1370,'Nate Irwin'),(2592,'Nate Lang'),(1400,'Nate Torrence'),(461,'Nathalie Baye'),(2904,'Nathan George'),(1201,'Nathan Jones'),(185,'Nathan Lane'),(217,'Nawazuddin Siddiqui'),(1194,'Neal Huff'),(1146,'Ned Beatty'),(2041,'Nehemiah Persoff'),(11,'Neil Giuntoli'),(1274,'Neil Innes'),(1229,'Neil McCarthy'),(1346,'Neil Patrick Harris'),(1098,'Nellie Sciutto'),(3031,'Nestor Carbonell'),(1612,'Neville Jason'),(1395,'Nicholas Bird'),(1975,'Nicholas Colasanto'),(1198,'Nicholas Hoult'),(1764,'Nicholas Rowe'),(54,'Nichole Galicia'),(1765,'Nick Marcq'),(484,'Nick Mohammed'),(1761,'Nick Moran'),(1231,'Nick Nolte'),(42,'Nick Sullivan'),(84,'Nicola Di Pinto'),(2786,'Nicoletta Braschi'),(1499,'Nigel Bruce'),(1948,'Nigel Stock'),(183,'Niketa Calame'),(906,'Nikolay Grinko'),(1727,'Nils Poppe'),(86,'Nino Terzo'),(810,'No-shik Park'),(791,'Noah Emmerich'),(1827,'Nobuo Kaneko'),(1682,'Nobuo Nakamura'),(2956,'Noel Appleby'),(2644,'Nomi Sharron'),(1368,'Norbert Weisser'),(1848,'Noriko Hidaka'),(2201,'Noriko Honma'),(1842,'Norio Matsui'),(606,'Norma Varden'),(1077,'Nye Heron'),(931,'O.Z. Whitehead'),(405,'Octavia Spencer'),(574,'Olga Abrego'),(2604,'Oliver Reed'),(2510,'Oliver Stritzel'),(1289,'Olivia Wilde'),(1410,'Olivia Williams'),(2058,'Olivier Lafont'),(2226,'Omar Doom'),(2349,'Omar Sharif'),(2693,'Omar Sy'),(2054,'Omi Vaidya'),(446,'Orlando Bloom'),(968,'Orson Welles'),(1740,'Oscar Isaac'),(999,'Oscar Martínez'),(1439,'Oscar Polk'),(1001,'Osmar Núñez'),(321,'Otto Kruger'),(2452,'Otto Wernicke'),(1770,'P.H. Moriarty'),(1627,'P.J. Byrne'),(1748,'Pablo Rago'),(778,'Paddy Considine'),(277,'Paige O\'Hara'),(2182,'Panos Papadopulos'),(340,'Paola Borboni'),(338,'Paolo Carlini'),(2209,'Paolo Seganti'),(2780,'Paolo Stoppa'),(2057,'Parikshat Sahni'),(2930,'Paris Howe Strewe'),(1699,'Pasquale Cajano'),(1855,'Pat Carroll'),(1651,'Pat Gorman'),(1864,'Pat Henning'),(2039,'Pat O\'Brien'),(772,'Pat Walshe'),(1091,'Patricia Clarkson'),(439,'Patricia Gélin'),(600,'Patricia Hitchcock'),(1451,'Patrick Allen'),(1133,'Patrick Auffay'),(2717,'Patrick Durkin'),(1350,'Patrick Fugit'),(554,'Patrick Magee'),(2421,'Patrick McGoohan'),(2495,'Patrick McVey'),(741,'Patrick Swayze'),(879,'Paul Anderson'),(2819,'Paul Bartel'),(427,'Paul Bettany'),(246,'Paul Blackthorne'),(1857,'Paul Butcher'),(2980,'Paul Calderon'),(519,'Paul Dano'),(116,'Paul Eiding'),(1258,'Paul F. Tompkins'),(2378,'Paul Farrell'),(2329,'Paul Fix'),(2707,'Paul Freeman'),(2750,'Paul Giamatti'),(1928,'Paul Gleason'),(2885,'Paul Goddard'),(2208,'Paul Guilfoyle'),(2719,'Paul Henreid'),(1968,'Paul Hörbiger'),(2456,'Paul Kemp'),(1328,'Paul Knauls'),(2177,'Paul Maxwell'),(849,'Paul Meurisse'),(1169,'Paul Newman'),(2559,'Paul Reiser'),(1788,'Paul Rudd'),(2135,'Paul Shenar'),(943,'Paul Simon'),(2910,'Paul Sorvino'),(2517,'Paul Stewart'),(377,'Paul Trussell'),(1080,'Paul Warriner'),(100,'Paul Weigel'),(708,'Paul Winfield'),(1962,'Paula Pell'),(1960,'Paula Poundstone'),(96,'Paulette Goddard'),(2347,'Paulie Litt'),(1464,'Pauline Lynch'),(297,'Paulyn Sun'),(662,'Peggy Ann Clifford'),(500,'Penelope Allen'),(2244,'Penn Jillette'),(2139,'Pepe Serna'),(1801,'Percy Herbert'),(432,'Pernilla Allwin'),(1915,'Perry Lopez'),(115,'Pete Docter'),(2815,'Pete Postlethwaite'),(1413,'Peter Anthony Tambakis'),(2801,'Peter Appel'),(2390,'Peter Boyle'),(1279,'Peter Brett'),(2896,'Peter Brocco'),(153,'Peter Bull'),(127,'Peter Capell'),(1012,'Peter Cook'),(2849,'Peter Crombie'),(2871,'Peter Cushing'),(2949,'Peter Dobson'),(1011,'Peter Falk'),(1144,'Peter Finch'),(2573,'Peter Gallagher'),(2422,'Peter Hanly'),(846,'Peter Ily Huemer'),(796,'Peter Krause'),(1213,'Peter Lorre'),(1363,'Peter Maloney'),(1743,'Peter Mayhew'),(1769,'Peter McNicholl'),(1460,'Peter Mullan'),(2348,'Peter O\'Toole'),(2659,'Peter Schrum'),(148,'Peter Sellers'),(401,'Peter Serafinowicz'),(1470,'Peter Stormare'),(1158,'Peter van Eyck'),(1799,'Peter Williams'),(2151,'Peyman Moaadi'),(2858,'Phellipe Haagensen'),(2872,'Phil Brown'),(978,'Phil Harvey'),(2976,'Phil LaMarr'),(2494,'Philip Coolidge'),(1075,'Philip King'),(1428,'Philip McGrade'),(1526,'Philip Moon'),(2488,'Philip Ober'),(1332,'Philip Seymour Hoffman'),(21,'Philip Stone'),(2475,'Philip Tonge'),(2520,'Philip Van Zandt'),(1508,'Philip Winter'),(2821,'Phillipe Simon'),(1650,'Phoebe Nicholls'),(1952,'Phyllis Smith'),(1291,'Pierfrancesco Favino'),(1516,'Pierre Segui'),(2794,'Pietro De Silva'),(290,'Ping Lam Siu'),(136,'Piper Perabo'),(1839,'Pîtâ'),(220,'Piyush Mishra'),(298,'Po-chun Chow'),(211,'Polidor'),(1818,'Porter Hall'),(624,'Powers Boothe'),(79,'Pupella Maggio'),(2129,'Qolamreza Maleki'),(2443,'Quentin Tarantino'),(1060,'Quvenzhané Wallis'),(2242,'R. Lee Ermey'),(1991,'Rachel Majorowski'),(1184,'Rachel McAdams'),(245,'Rachel Shelley'),(2992,'Rachel Singer'),(2964,'Rada Rassimov'),(2247,'Rade Serbedzija'),(2796,'Raffaella Lebboroni'),(249,'Raghuvir Yadav'),(2059,'Rahul Kumar'),(250,'Rajendra Gupta'),(254,'Rajendranath Zutshi'),(251,'Rajesh Vivek'),(227,'Rajkummar Rao'),(2608,'Ralf Moeller'),(2508,'Ralf Richter'),(663,'Ralph Fiennes'),(120,'Ralph Meeker'),(2418,'Ralph Riach'),(1721,'Ralph Sipperly'),(1994,'Ralph St. George'),(2686,'Rand Harper'),(1897,'Randal Edwards'),(1125,'Randal Reeder'),(1263,'Randall Carver'),(2805,'Randolph Scott'),(2444,'Randy Brooks'),(2104,'Randy Stuart'),(766,'Ray Bolger'),(686,'Ray Collins'),(2908,'Ray Liotta'),(1446,'Ray Milland'),(2189,'Ray Walston'),(2626,'Ray Winstone'),(910,'Raymo Rendi'),(2480,'Raymond Bailey'),(2679,'Raymond Burr'),(1406,'Raymond S. Persi'),(137,'Rebecca Hall'),(292,'Rebecca Pan'),(2937,'Rebecca Williams'),(2850,'Reg E. Cathey'),(1244,'Reggie Johnson'),(1500,'Reginald Denny'),(91,'Reginald Gardiner'),(1927,'Reginald VelJohnson'),(1535,'Rémy Girard'),(1137,'Renaud Fontanarosa'),(1336,'Renée Geyer'),(275,'Rex Everhart'),(997,'Ricardo Darín'),(210,'Riccardo Garrone'),(2563,'Ricco Ross'),(2447,'Rich Turner'),(216,'Richa Chadha'),(2671,'Richard Alexander'),(124,'Richard Anderson'),(892,'Richard Attenborough'),(1921,'Richard Bakalyan'),(2526,'Richard Bright'),(1208,'Richard Carter'),(3038,'Richard Conte'),(1492,'Richard Davalos'),(376,'Richard Dixon'),(583,'Richard Dreyfuss'),(348,'Richard Dysart'),(2999,'Richard Edge'),(2531,'Richard Foronjy'),(2369,'Richard Gaines'),(952,'Richard Gere'),(2335,'Richard Hale'),(2013,'Richard Harris'),(1136,'Richard Kanayan'),(1953,'Richard Kind'),(1520,'Richard Kuss'),(1364,'Richard Masur'),(2643,'Richard Ridings'),(3036,'Richard S. Castellano'),(281,'Richard White'),(1589,'Richard Widmark'),(2174,'Richard Young'),(2986,'Richmond Arquette'),(640,'Rick Ducommun'),(633,'Rick Gomez'),(641,'Rick Overton'),(710,'Rick Rossovich'),(919,'Rihoko Yoshida'),(1038,'Riki Lindhome'),(1204,'Riley Keough'),(1985,'Rita Bennett'),(992,'Rita Cortese'),(2232,'Rita Davies'),(2273,'Rita Moreno'),(3033,'Ritchie Coster'),(1101,'River Phoenix'),(2019,'Rob Campbell'),(960,'Rob Degnan'),(1995,'Rob Lynds'),(1618,'Rob Reiner'),(2250,'Robbie Gee'),(958,'Robbie Sublett'),(273,'Robby Benson'),(1196,'Robert B. Kennedy'),(2279,'Robert Beatty'),(1609,'Robert Brown'),(1459,'Robert Carlyle'),(1447,'Robert Cummings'),(855,'Robert Dalban'),(1509,'Robert De Niro'),(1493,'Robert Donner'),(417,'Robert Downey Jr.'),(1486,'Robert Drivas'),(260,'Robert Duvall'),(2293,'Robert Earl Jones'),(2173,'Robert Eddison'),(2492,'Robert Ellenstein'),(607,'Robert Gist'),(1949,'Robert Graf'),(186,'Robert Guillaume'),(2532,'Robert Harper'),(329,'Robert J. Wilke'),(2133,'Robert Loggia'),(887,'Robert Moloney'),(158,'Robert O\'Neil'),(2650,'Robert Patrick'),(375,'Robert Portal'),(1170,'Robert Redford'),(582,'Robert Shaw'),(2886,'Robert Taylor'),(2633,'Robert Wahlberg'),(598,'Robert Walker'),(3008,'Robert Webber'),(2658,'Robert Winley'),(85,'Roberta Lena'),(2868,'Roberta Rodrigues'),(2785,'Roberto Benigni'),(2184,'Roberto Camardiel'),(1427,'Robin Atkin Downes'),(1096,'Robin Bartlett'),(642,'Robin Duke'),(1454,'Robin Hughes'),(1986,'Robin Williams'),(1010,'Robin Wright'),(647,'Rod Sell'),(1863,'Rod Steiger'),(2647,'Roddy Skeaping'),(2307,'Roderick Cook'),(1380,'Rodger Boyce'),(1023,'Rodrigo Murray'),(806,'Roe-ha Kim'),(1566,'Roger Allam'),(1907,'Roger Casamajor'),(381,'Roger Hammond'),(939,'Roger Imhof'),(146,'Roger Rees'),(2010,'Rolf Kanies'),(685,'Roman Bohnen'),(1920,'Roman Polanski'),(3029,'Ron Dean'),(2206,'Ron Rifkin'),(798,'Ron Taylor'),(2708,'Ronald Lacey'),(488,'Rory Kinnear'),(1026,'Rosa María Bianchi'),(1610,'Rosalie Crutchley'),(1345,'Rosamund Pike'),(2982,'Rosanna Arquette'),(627,'Rosario Dawson'),(1283,'Roscoe Karns'),(2325,'Rosemary Murphy'),(875,'Roshan Seth'),(1203,'Rosie Huntington-Whiteley'),(1228,'Rosie Motene'),(2681,'Ross Bagdasarian'),(821,'Rossella Falk'),(187,'Rowan Atkinson'),(296,'Roy Cheung'),(2298,'Roy Dotrice'),(1919,'Roy Jenson'),(581,'Roy Scheider'),(160,'Roy Stephens'),(2458,'Rudolf Blümner'),(2145,'Rudolf Klein-Rogge'),(1871,'Rudy Bond'),(1751,'Rudy Romano'),(2427,'Rufus'),(2766,'Rumi Hiiragi'),(1565,'Rupert Graves'),(667,'Rupert Grint'),(234,'Russ Fega'),(1574,'Russell Crowe'),(930,'Russell Simpson'),(675,'Rusty Goffe'),(2476,'Ruta Lee'),(1515,'Rutanya Alda'),(1774,'Rutger Hauer'),(1816,'Ruth Donnelly'),(597,'Ruth Roman'),(951,'Ruth Volner'),(2513,'Ruth Warrick'),(2326,'Ruth White'),(552,'Ryan O\'Neal'),(1114,'Ryan Reynolds'),(2343,'Ryan Whitney'),(1707,'Ryûnosuke Kamiki'),(573,'Rywka Wajsbrot'),(2652,'S. Epatha Merkerson'),(2721,'S.Z. Sakall'),(315,'Sachio Sakai'),(2997,'Sadwyn Brophy'),(871,'Saeed Jaffrey'),(2161,'Sahabanu Zolghadr'),(568,'Saïd Taghmaoui'),(2922,'Sala Baker'),(2699,'Salimata Kamate'),(2938,'Sally Field'),(2234,'Sally Kinghorn'),(1475,'Sally Wingert'),(82,'Salvatore Cascio'),(2944,'Sam Anderson'),(262,'Sam Bottoms'),(2926,'Sam Comery'),(984,'Sam Jaffe'),(2588,'Sam Kennard'),(889,'Sam Neill'),(2575,'Sam Robards'),(2664,'Sam Rockwell'),(1634,'Sam Sheridan'),(139,'Samantha Mahurin'),(531,'Samia Kerbash'),(612,'Sammi Cheng'),(57,'Sammi Rotibi'),(48,'Samuel L. Jackson'),(703,'Samuel Lord Black'),(2830,'Samuel S. Hinds'),(505,'Sandra Kazan'),(820,'Sandra Milo'),(2211,'Sandra Taylor'),(2970,'Sandro Scarchilli'),(1890,'Sandy McMaster'),(2413,'Sandy Nelson'),(805,'Sang-kyung Kim'),(229,'Sankalp Acharekar'),(1050,'Saoirse Ronan'),(2683,'Sara Berner'),(2243,'Sarah Freeman'),(954,'Sarah Roemer'),(2153,'Sareh Bayat'),(2155,'Sarina Farhadi'),(225,'Satyakam Anand'),(2015,'Saul Rubinek'),(138,'Scarlett Johansson'),(19,'Scatman Crothers'),(1063,'Scoot McNairy'),(2574,'Scott Bakula'),(1113,'Scott Beach'),(1558,'Scott Eastwood'),(269,'Scott Glenn'),(1085,'Seamus Moran'),(2920,'Sean Astin'),(476,'Sean Bean'),(1888,'Sean Bridgers'),(2166,'Sean Connery'),(400,'Sean Gunn'),(2412,'Sean Lawlor'),(2414,'Sean McGinley'),(2280,'Sean Sullivan'),(1775,'Sean Young'),(1755,'Sebastián Blanco'),(2072,'Sebastian Bull Sarning'),(61,'Sebastian Koch'),(2464,'Sebastian Shaw'),(478,'Sebastian Stan'),(1167,'Seguna'),(2891,'Seiji Miyaguchi'),(2110,'Seizaburô Kawazu'),(1358,'Sela Ward'),(809,'Seo-hie Ko'),(2429,'Serge Merlin'),(1139,'Serge Moati'),(1900,'Sergi López'),(2789,'Sergio Bini Bustric'),(1796,'Sessue Hayakawa'),(1676,'Setsuko Hara'),(2862,'Seu Jorge'),(2557,'Seung-jin Lee'),(2549,'Seung-shin Lee'),(2154,'Shahab Hosseini'),(1405,'Shakira'),(161,'Shane Rimmer'),(35,'Shannon Conley'),(2051,'Sharman Joshi'),(1482,'Sharon Anderson'),(1192,'Sharon McFarlane'),(1689,'Sharon Stone'),(1341,'Shaun Patten'),(714,'Shawn Schepps'),(614,'Shawn Yue'),(1625,'Shea Whigham'),(330,'Sheb Wooley'),(2384,'Sheila Raynor'),(2873,'Shelagh Fraser'),(17,'Shelley Duvall'),(2539,'Sherry Lynn'),(550,'Shi De-Qiang'),(1859,'Shigeru Chiba'),(2776,'Shigeru Wakita'),(1849,'Shigesato Itoi'),(1309,'Shin\'ichi Chiba'),(1820,'Shin\'ichi Himori'),(2163,'Shirin Azimiyannezhad'),(2160,'Shirin Yazdanbakhsh'),(1465,'Shirley Henderson'),(2187,'Shirley MacLaine'),(938,'Shirley Mills'),(1514,'Shirley Stoler'),(1683,'Shirô Ôsaka'),(2777,'Shirô Saitô'),(3013,'Shmuel Levy'),(252,'Shri Vallabh Vyas'),(485,'Shu Chen'),(1970,'Siegfried Breuer'),(362,'Sieghardt Rupp'),(1661,'Sif Ruud'),(111,'Sigourney Weaver'),(2299,'Simon Callow'),(727,'Simon Jones'),(2731,'Simon Oakland'),(538,'Simon Yam'),(847,'Simone Signoret'),(1568,'Sinéad Cusack'),(2950,'Siobhan Fallon Hogan'),(415,'Sissy Spacek'),(542,'Siu-Wong Fan'),(437,'Siv Ericks'),(152,'Slim Pickens'),(1678,'Sô Yamamura'),(1746,'Soledad Villamil'),(570,'Solo'),(444,'Sonya Hedenbratt'),(2423,'Sophie Marceau'),(1234,'Sophie Okonedo'),(2245,'Spencer Aste'),(1587,'Spencer Tracy'),(2609,'Spencer Treat Clark'),(2760,'Stacy Keach'),(2669,'Stanley Blystone'),(1188,'Stanley Tucci'),(2073,'Steen Ordell Guldbrand Jensen'),(1118,'Stefan Kapicic'),(425,'Stellan Skarsgård'),(2812,'Stephen Baldwin'),(2424,'Stephen Billington'),(982,'Stephen Boyd'),(1563,'Stephen Fry'),(1294,'Stephen Mangan'),(1562,'Stephen Rea'),(1379,'Stephen Root'),(236,'Stephen Tobolowsky'),(150,'Sterling Hayden'),(694,'Steve Buscemi'),(689,'Steve Cochran'),(466,'Steve Eastin'),(1481,'Steve Edelman'),(1939,'Steve McQueen'),(2212,'Steve Rankin'),(1479,'Steve Reevis'),(700,'Steve Susskind'),(1772,'Steve Sweeney'),(2130,'Steven Bauer'),(556,'Steven Berkoff'),(1763,'Steven Mackintosh'),(495,'Steven Waddington'),(2446,'Steven Wright'),(2449,'Stevo Polyi'),(1257,'Stockton Taylor'),(1172,'Strother Martin'),(1466,'Stuart McQuarrie'),(2840,'Stuart Rudin'),(747,'Stuart Stone'),(1082,'Stuart Wolfenden'),(1120,'Style Dayne'),(2556,'Su-hyeon Kim'),(2595,'Suanne Spoke'),(2579,'Sue Casey'),(1278,'Sue Jones-Davies'),(247,'Suhasini Mulay'),(501,'Sully Boyar'),(911,'Sumi Shimamoto'),(588,'Susan Backlinie'),(357,'Susan Hickman'),(1463,'Susan Vidler'),(2068,'Susse Wold'),(2113,'Susumu Fujita'),(2404,'Suzanne Shepherd'),(2816,'Suzy Amis'),(2611,'Sven-Ole Thorsen'),(2991,'Sydney \'Big Dawg\' Colston'),(1216,'Sydney Greenstreet'),(2907,'Sydney Lassick'),(2229,'Sylvester Groth'),(749,'Sylvester Stallone'),(295,'Szu-Ying Chien'),(2076,'Søren Rønholt'),(1126,'T.J. Miller'),(1361,'T.K. Carter'),(2553,'Tae-kyung Oh'),(2934,'Tai-Li Lee'),(921,'Takako Sasuga'),(307,'Takamaru Sasaki'),(2769,'Takashi Naitô'),(303,'Takashi Shimura'),(1845,'Takashi Watanabe'),(2774,'Takehiko Ono'),(1704,'Takuya Kimura'),(750,'Talia Shire'),(1868,'Tami Mauriello'),(1850,'Tanie Kitabayashi'),(83,'Tano Cimarosa'),(1586,'Tanya Clarke'),(2021,'Tara Frederick'),(1525,'Tara Reid'),(2538,'Tara Strong'),(923,'Tarako'),(1064,'Taran Killam'),(1706,'Tatsuya Gashûin'),(1832,'Tatsuya Nakadai'),(1122,'Taylor Hickson'),(1176,'Ted Cassidy'),(2749,'Ted Danson'),(590,'Ted Grossman'),(1093,'Ted Levine'),(800,'Ted Raymond'),(112,'Teddy Newton'),(548,'Tenma Shibuya'),(1271,'Terence Bayler'),(987,'Terence Longdon'),(118,'Teresa Ganzel'),(679,'Teresa Wright'),(517,'Terrence Howard'),(774,'Terry'),(1267,'Terry Gilliam'),(1269,'Terry Jones'),(1685,'Teruko Nagaoka'),(1377,'Tess Harper'),(837,'Tex Rubinowitz'),(754,'Thayer David'),(775,'The Singer Midgets'),(2102,'Thelma Ritter'),(2457,'Theo Lingen'),(2147,'Theodor Loos'),(1976,'Theresa Saldana'),(852,'Thérèse Dorny'),(2065,'Thomas Bo Larsen'),(2616,'Thomas F. Wilson'),(1367,'Thomas G. Waites'),(2339,'Thomas Jay Ryan'),(2005,'Thomas Kretschmann'),(238,'Thomas Lennon'),(317,'Thomas Mitchell'),(2705,'Thomas Solivéres'),(63,'Thomas Thieme'),(2569,'Thora Birch'),(218,'Tigmanshu Dhulia'),(2222,'Til Schweiger'),(1053,'Tilda Swinton'),(2236,'Tim Allen'),(2319,'Tim Colceri'),(1856,'Tim Daly'),(2994,'Tim DeZarn'),(2088,'Tim Holt'),(1564,'Tim Pigott-Smith'),(1,'Tim Robbins'),(2439,'Tim Roth'),(2738,'Timothée Chalamet'),(131,'Timothy Carey'),(1180,'Timothy Scott'),(429,'Tina Benko'),(617,'Ting Yip Ng'),(2668,'Tiny Sandford'),(2567,'Tip Tipping'),(2829,'Todd Karns'),(1238,'Tom Berenger'),(782,'Tom Gallop'),(494,'Tom Goodman-Hill'),(459,'Tom Hanks'),(876,'Tom Hardy'),(2479,'Tom Helmore'),(422,'Tom Hiddleston'),(1790,'Tom Holland'),(2296,'Tom Hulce'),(1792,'Tom Murray'),(1673,'Tom Nawn'),(1885,'Tom Noonan'),(2367,'Tom Powers'),(3023,'Tom Rosqui'),(1877,'Tom Sizemore'),(192,'Tom Skerritt'),(744,'Tom Tangen'),(1054,'Tom Wilkinson'),(2607,'Tomas Arana'),(2185,'Tomás Blanco'),(532,'Tommaso Neri'),(1402,'Tommy Chong'),(631,'Tommy Flanagan'),(1371,'Tommy Lee Jones'),(1331,'Toni Collette'),(1062,'Tony Bentley'),(24,'Tony Burton'),(289,'Tony Chiu Wai Leung'),(2448,'Tony Cosmo'),(2036,'Tony Curtis'),(2912,'Tony Darrow'),(1473,'Tony Denman'),(1867,'Tony Galento'),(286,'Tony Jay'),(1227,'Tony Kgoroge'),(942,'Tony Roberts'),(961,'Tora Hallström'),(1596,'Torben Meyer'),(2472,'Torin Thatcher'),(1529,'Torsten Voges'),(1688,'Tôru Abe'),(301,'Toshirô Mifune'),(1843,'Toshiya Ito'),(1851,'Toshiyuki Amagasa'),(1687,'Toyo Takahashi'),(155,'Tracy Reed'),(2524,'Treat Williams'),(866,'Trevor Howard'),(1411,'Trevor Morgan'),(2075,'Troels Thorsen'),(964,'Troy Doherty'),(2773,'Tsunehiko Kamijô'),(31,'Tsutomu Tatsumi'),(2523,'Tuesday Weld'),(337,'Tullio Carminati'),(291,'Tung Cho \'Joe\' Cheung'),(1347,'Tyler Perry'),(2468,'Tyrone Power'),(533,'Ugo Paletti'),(2000,'Ulrich Matthes'),(60,'Ulrich Mühe'),(2008,'Ulrich Noethen'),(62,'Ulrich Tukur'),(1301,'Uma Thurman'),(2473,'Una O\'Connor'),(2436,'Urbain Cancelier'),(2505,'Uwe Ochsenknecht'),(1875,'Val Kilmer'),(973,'Valentin de Vargas'),(208,'Valeria Ciangottini'),(649,'Valerie Hobson'),(1020,'Vanessa Bauche'),(1637,'Vanessa Martinez'),(2733,'Vaughn Taylor'),(848,'Véra Clouzot'),(2627,'Vera Farmiga'),(2727,'Vera Miles'),(724,'Vernon Campbell'),(193,'Veronica Cartwright'),(43,'Veronica Taylor'),(2712,'Vic Tablian'),(1391,'Vicki Lewis'),(2387,'Victor Argo'),(1441,'Victor Jory'),(975,'Victor Millan'),(1653,'Victor Sjöström'),(1585,'Victor Steinbach'),(390,'Vin Diesel'),(1322,'Vince Vaughn'),(566,'Vincent Cassel'),(2311,'Vincent D\'Onofrio'),(228,'Vineet Kumar Singh'),(2979,'Ving Rhames'),(1767,'Vinnie Jones'),(1702,'Vinny Vella'),(403,'Viola Davis'),(224,'Vipin Sharma'),(2689,'Virginia Cherrill'),(1600,'Virginia Christine'),(680,'Virginia Mayo'),(2832,'Virginia Patton'),(2259,'Vittorio Antonucci'),(1303,'Vivica A. Fox'),(1583,'Vivien Cardone'),(1433,'Vivien Leigh'),(71,'Volker Michalowski'),(65,'Volkmar Kleinert'),(1725,'Vondell Darr'),(1007,'Wallace Shawn'),(688,'Walter Baldwin'),(1282,'Walter Connolly'),(996,'Walter Donado'),(2103,'Walter Hampden'),(2087,'Walter Huston'),(207,'Walter Santesso'),(49,'Walton Goggins'),(2642,'Wanja Mues'),(1217,'Ward Bond'),(2374,'Warren Clarke'),(1494,'Warren Finnerty'),(1480,'Warren Keith'),(672,'Warwick Davis'),(524,'Wayne Duvall'),(898,'Wayne Knight'),(123,'Wayne Morris'),(2678,'Wendell Corey'),(2619,'Wendie Jo Sperber'),(1889,'Wendy Crewson'),(1643,'Wendy Hiller'),(72,'Werner Daehn'),(1594,'Werner Klemperer'),(2570,'Wes Bentley'),(1882,'Wes Studi'),(1145,'Wesley Addy'),(189,'Whoopi Goldberg'),(1100,'Wil Wheaton'),(1360,'Wilford Brimley'),(2675,'Wilfred Lucas'),(1972,'Wilfrid Hyde-White'),(877,'Will Poulter'),(2196,'Willard Waterman'),(1046,'Willem Dafoe'),(2802,'Willi One Blood'),(2516,'William Alland'),(1929,'William Atherton'),(2253,'William Beck'),(1112,'William Bronder'),(2854,'William Davidson'),(2744,'William Devane'),(2900,'William Duell'),(1884,'William Fichtner'),(2528,'William Forsythe'),(1469,'William H. Macy'),(1554,'William Hill'),(163,'William Holden'),(2714,'William Hootkins'),(2560,'William Hope'),(1318,'William Hurt'),(2761,'William Russ'),(4,'William Sadler'),(1778,'William Sanderson'),(1593,'William Shatner'),(2276,'William Sylvester'),(1159,'William Tubbs'),(2333,'William Windom'),(644,'Willie Garson'),(2710,'Wolf Kahler'),(361,'Wolfgang Lukschy'),(940,'Woody Allen'),(1374,'Woody Harrelson'),(2781,'Woody Strode'),(2655,'Xander Berkeley'),(1559,'Xia Soua Chang'),(543,'Xing Yu'),(1223,'Xolani Mali'),(529,'Yacef Saadi'),(197,'Yaphet Kotto'),(257,'Yashpal Sharma'),(2770,'Yasuko Sawaguchi'),(2554,'Yeon-suk Ahn'),(1664,'Yngve Nordwall'),(1709,'Yô Ôizumi'),(924,'Yôji Matsuda'),(2108,'Yôko Tsukasa'),(2435,'Yolande Moreau'),(1837,'Yoshiko Miyazaki'),(33,'Yoshiko Shinohara'),(2893,'Yoshio Inaba'),(2892,'Yoshio Kosugi'),(2894,'Yoshio Tsuchiya'),(2111,'Yôsuke Natsuki'),(544,'You-Nam Wong'),(813,'Young-hwa Seo'),(314,'Yû Fujiki'),(545,'Yu-Hang To'),(1315,'Yuki Kazamatsuri'),(2890,'Yukiko Shimazaki'),(2771,'Yumi Tamai'),(1831,'Yûnosuke Itô'),(1156,'Yves Montand'),(203,'Yvonne Furneaux'),(1329,'Zach Galifianakis'),(2985,'Zach Grenier'),(1384,'Zach Hopkins'),(1894,'Zarrin Darnell-Martin'),(934,'Zeffie Tilbury'),(223,'Zeishan Quadri'),(547,'Zhi-Hui Chen'),(551,'Zhong Zhou'),(2358,'Zia Mohyeddin'),(1202,'Zoë Kravitz'),(388,'Zoe Saldana'),(521,'Zoë Soul');
/*!40000 ALTER TABLE `serverapp_actor` ENABLE KEYS */;
UNLOCK TABLES;

--
-- Table structure for table `serverapp_director`
--

DROP TABLE IF EXISTS `serverapp_director`;
/*!40101 SET @saved_cs_client     = @@character_set_client */;
/*!40101 SET character_set_client = utf8 */;
CREATE TABLE `serverapp_director` (
  `id` int(11) NOT NULL AUTO_INCREMENT,
  `name` varchar(255) NOT NULL,
  PRIMARY KEY (`id`),
  UNIQUE KEY `name` (`name`)
) ENGINE=InnoDB AUTO_INCREMENT=151 DEFAULT CHARSET=utf8;
/*!40101 SET character_set_client = @saved_cs_client */;

--
-- Dumping data for table `serverapp_director`
--

LOCK TABLES `serverapp_director` WRITE;
/*!40000 ALTER TABLE `serverapp_director` DISABLE KEYS */;
INSERT INTO `serverapp_director` VALUES (81,'Adam Elliot'),(19,'Akira Kurosawa'),(55,'Alejandro G. Iñárritu'),(37,'Alfred Hitchcock'),(56,'Andrei Tarkovsky'),(8,'Andrew Stanton'),(103,'Anthony Russo'),(14,'Anurag Kashyap'),(121,'Asghar Farhadi'),(15,'Ashutosh Gowariker'),(10,'Billy Wilder'),(119,'Brian De Palma'),(144,'Bryan Singer'),(85,'Byron Howard'),(112,'Carol Reed'),(135,'Chan-wook Park'),(7,'Charles Chaplin'),(9,'Christopher Nolan'),(63,'Clint Eastwood'),(97,'Clyde Bruckman'),(122,'Curtis Hanson'),(61,'Damián Szifrón'),(137,'Damien Chazelle'),(88,'Danny Boyle'),(130,'Darren Aronofsky'),(82,'David Fincher'),(104,'David Lean'),(96,'David Lynch'),(42,'David Yates'),(87,'Dean DeBlois'),(33,'Denis Villeneuve'),(105,'Elia Kazan'),(84,'Ethan Coen'),(99,'F.W. Murnau'),(13,'Federico Fellini'),(146,'Fernando Meirelles'),(5,'Florian Henckel von Donnersmarck'),(16,'Francis Ford Coppola'),(69,'François Truffaut'),(78,'Frank Capra'),(1,'Frank Darabont'),(39,'Frank Miller'),(20,'Fred Zinnemann'),(120,'Fritz Lang'),(17,'Gary Trousdale'),(95,'Gavin O\'Connor'),(147,'George Lucas'),(72,'George Miller'),(70,'George Roy Hill'),(34,'Gillo Pontecorvo'),(6,'Giuseppe Tornatore'),(29,'Gore Verbinski'),(108,'Guillermo del Toro'),(113,'Gus Van Sant'),(102,'Guy Ritchie'),(40,'Harold Ramis'),(22,'Hayao Miyazaki'),(53,'Henri-Georges Clouzot'),(28,'Ingmar Bergman'),(150,'Irvin Kershner'),(3,'Isao Takahata'),(100,'J.J. Abrams'),(44,'James Cameron'),(25,'James Gunn'),(92,'James McTeigue'),(132,'Jean-Pierre Jeunet'),(66,'Jim Sheridan'),(89,'Joel Coen'),(83,'John Carpenter'),(57,'John Ford'),(47,'John G. Avildsen'),(73,'John Huston'),(123,'John Lasseter'),(110,'John McTiernan'),(111,'John Sturges'),(145,'Jonathan Demme'),(51,'Joon-ho Bong'),(117,'Joseph L. Mankiewicz'),(27,'Joss Whedon'),(101,'Juan José Campanella'),(18,'Kar-Wai Wong'),(148,'Lana Wachowski'),(59,'Lasse Hallström'),(129,'Lee Unkrich'),(107,'Lenny Abrahamson'),(143,'Luc Besson'),(86,'M. Night Shyamalan'),(118,'Majid Majidi'),(67,'Martin Scorsese'),(36,'Mathieu Kassovitz'),(131,'Mel Gibson'),(91,'Michael Cimino'),(140,'Michael Curtiz'),(106,'Michael Mann'),(128,'Michel Gondry'),(126,'Milos Forman'),(31,'Morten Tyldum'),(94,'Moustapha Akkad'),(114,'Oliver Hirschbiegel'),(75,'Oliver Stone'),(139,'Olivier Nakache'),(60,'Orson Welles'),(49,'Paul Greengrass'),(76,'Paul Thomas Anderson'),(43,'Pete Docter'),(149,'Peter Jackson'),(50,'Peter Weir'),(4,'Quentin Tarantino'),(115,'Rajkumar Hirani'),(54,'Richard Attenborough'),(46,'Richard Kelly'),(52,'Richard Linklater'),(133,'Richard Marquand'),(12,'Ridley Scott'),(62,'Rob Reiner'),(41,'Robert Hamer'),(127,'Robert Mulligan'),(138,'Robert Zemeckis'),(142,'Roberto Benigni'),(11,'Roger Allers'),(109,'Roman Polanski'),(79,'Ron Howard'),(136,'Sam Mendes'),(80,'Sean Penn'),(23,'Sergio Leone'),(32,'Sidney Lumet'),(125,'Stanley Donen'),(93,'Stanley Kramer'),(2,'Stanley Kubrick'),(65,'Steve McQueen'),(30,'Steven Spielberg'),(90,'Stuart Rosenberg'),(26,'Tate Taylor'),(74,'Terry George'),(45,'Terry Gilliam'),(77,'Terry Jones'),(116,'Thomas Vinterberg'),(68,'Tim Miller'),(24,'Tom Hooper'),(71,'Tom McCarthy'),(141,'Tony Kaye'),(48,'Victor Fleming'),(124,'Vittorio De Sica'),(38,'Wai-Keung Lau'),(64,'Wes Anderson'),(21,'William Wyler'),(35,'Wilson Yip'),(134,'Wolfgang Petersen'),(58,'Woody Allen'),(98,'Yasujirô Ozu');
/*!40000 ALTER TABLE `serverapp_director` ENABLE KEYS */;
UNLOCK TABLES;

--
-- Table structure for table `serverapp_genre`
--

DROP TABLE IF EXISTS `serverapp_genre`;
/*!40101 SET @saved_cs_client     = @@character_set_client */;
/*!40101 SET character_set_client = utf8 */;
CREATE TABLE `serverapp_genre` (
  `id` int(11) NOT NULL AUTO_INCREMENT,
  `name` varchar(255) NOT NULL,
  PRIMARY KEY (`id`),
  UNIQUE KEY `name` (`name`)
) ENGINE=InnoDB AUTO_INCREMENT=22 DEFAULT CHARSET=utf8;
/*!40101 SET character_set_client = @saved_cs_client */;

--
-- Dumping data for table `serverapp_genre`
--

LOCK TABLES `serverapp_genre` WRITE;
/*!40000 ALTER TABLE `serverapp_genre` DISABLE KEYS */;
INSERT INTO `serverapp_genre` VALUES (14,'Action'),(9,'Adventure'),(4,'Animation'),(18,'Biography'),(8,'Comedy'),(1,'Crime'),(2,'Drama'),(10,'Family'),(16,'Fantasy'),(13,'Film-Noir'),(19,'History'),(3,'Horror'),(21,'Music'),(15,'Musical'),(11,'Mystery'),(17,'Romance'),(12,'Sci-Fi'),(20,'Sport'),(7,'Thriller'),(5,'War'),(6,'Western');
/*!40000 ALTER TABLE `serverapp_genre` ENABLE KEYS */;
UNLOCK TABLES;

--
-- Table structure for table `serverapp_movie`
--

DROP TABLE IF EXISTS `serverapp_movie`;
/*!40101 SET @saved_cs_client     = @@character_set_client */;
/*!40101 SET character_set_client = utf8 */;
CREATE TABLE `serverapp_movie` (
  `id` int(11) NOT NULL AUTO_INCREMENT,
  `title` varchar(255) NOT NULL,
  `year` varchar(4) NOT NULL,
  `director_id` int(11) NOT NULL,
  PRIMARY KEY (`id`),
  UNIQUE KEY `serverapp_movie_title_6e798bb3_uniq` (`title`,`year`),
  KEY `serverapp_movie_3f4c842e` (`director_id`),
  CONSTRAINT `serverapp_movie_director_id_9da12378_fk_serverapp_director_id` FOREIGN KEY (`director_id`) REFERENCES `serverapp_director` (`id`)
) ENGINE=InnoDB AUTO_INCREMENT=251 DEFAULT CHARSET=utf8;
/*!40101 SET character_set_client = @saved_cs_client */;

--
-- Dumping data for table `serverapp_movie`
--

LOCK TABLES `serverapp_movie` WRITE;
/*!40000 ALTER TABLE `serverapp_movie` DISABLE KEYS */;
INSERT INTO `serverapp_movie` VALUES (1,'The Shawshank Redemption ','1994',1),(2,'The Shining ','1980',2),(3,'Grave of the Fireflies ','1988',3),(4,'Django Unchained ','2012',4),(5,'The Lives of Others ','2006',5),(6,'Cinema Paradiso ','1988',6),(7,'The Great Dictator ','1940',7),(8,'WALL·E ','2008',8),(9,'Paths of Glory ','1957',2),(10,'The Prestige ','2006',9),(11,'Dr. Strangelove or: How I Learned to Stop Worrying and Love the Bomb ','1964',2),(12,'Sunset Boulevard ','1950',10),(13,'The Lion King ','1994',11),(14,'Alien ','1979',12),(15,'La Dolce Vita ','1960',13),(16,'Gangs of Wasseypur ','2012',14),(17,'Memento ','2000',9),(18,'Lagaan: Once Upon a Time in India ','2001',15),(19,'Apocalypse Now ','1979',16),(20,'Beauty and the Beast ','1991',17),(21,'In the Mood for Love ','2000',18),(22,'Throne of Blood ','1957',19),(23,'High Noon ','1952',20),(24,'Roman Holiday ','1953',21),(25,'Castle in the Sky ','1986',22),(26,'A Fistful of Dollars ','1964',23),(27,'The King\'s Speech ','2010',24),(28,'Guardians of the Galaxy ','2014',25),(29,'The Help ','2011',26),(30,'The Avengers ','2012',27),(31,'Fanny and Alexander ','1982',28),(32,'Pirates of the Caribbean: The Curse of the Black Pearl ','2003',29),(33,'Catch Me If You Can ','2002',30),(34,'The Martian ','2015',12),(35,'The Imitation Game ','2014',31),(36,'Dog Day Afternoon ','1975',32),(37,'Prisoners ','2013',33),(38,'The Battle of Algiers ','1966',34),(39,'Ip Man ','2008',35),(40,'Barry Lyndon ','1975',2),(41,'La Haine ','1995',36),(42,'Jaws ','1975',30),(43,'Strangers on a Train ','1951',37),(44,'Infernal Affairs ','2002',38),(45,'Sin City ','2005',39),(46,'Groundhog Day ','1993',40),(47,'Kind Hearts and Coronets ','1949',41),(48,'Harry Potter and the Deathly Hallows: Part 2 ','2011',42),(49,'The Best Years of Our Lives ','1946',21),(50,'Monsters, Inc. ','2001',43),(51,'The Terminator ','1984',44),(52,'Twelve Monkeys ','1995',45),(53,'Donnie Darko ','2001',46),(54,'Rocky ','1976',47),(55,'The Wizard of Oz ','1939',48),(56,'The Bourne Ultimatum ','2007',49),(57,'The Truman Show ','1998',50),(58,'Memories of Murder ','2003',51),(59,'8½ ','1963',13),(60,'Before Sunrise ','1995',52),(61,'Diabolique ','1955',53),(62,'Gandhi ','1982',54),(63,'The Revenant ','2015',55),(64,'Jurassic Park ','1993',30),(65,'Stalker ','1979',56),(66,'Nausicaä of the Valley of the Wind ','1984',22),(67,'The Grapes of Wrath ','1940',57),(68,'Annie Hall ','1977',58),(69,'Hachi: A Dog\'s Tale ','2009',59),(70,'Touch of Evil ','1958',60),(71,'Ben-Hur ','1959',21),(72,'Wild Tales ','2014',61),(73,'The Princess Bride ','1987',62),(74,'Amores Perros ','2000',55),(75,'Million Dollar Baby ','2004',63),(76,'The Grand Budapest Hotel ','2014',64),(77,'12 Years a Slave ','2013',65),(78,'Persona ','1966',28),(79,'In the Name of the Father ','1993',66),(80,'Shutter Island ','2010',67),(81,'Stand by Me ','1986',62),(82,'Deadpool ','2016',68),(83,'The 400 Blows ','1959',69),(84,'Network ','1976',32),(85,'The Wages of Fear ','1953',53),(86,'Butch Cassidy and the Sundance Kid ','1969',70),(87,'Spotlight ','2015',71),(88,'Mad Max: Fury Road ','2015',72),(89,'The Maltese Falcon ','1941',73),(90,'Hotel Rwanda ','2004',74),(91,'Platoon ','1986',75),(92,'There Will Be Blood ','2007',76),(93,'Life of Brian ','1979',77),(94,'It Happened One Night ','1934',78),(95,'Rush ','2013',79),(96,'Kill Bill: Vol. 1 ','2003',4),(97,'Into the Wild ','2007',80),(98,'Mary and Max ','2009',81),(99,'Gone Girl ','2014',82),(100,'The Thing ','1982',83),(101,'No Country for Old Men ','2007',84),(102,'Finding Nemo ','2003',8),(103,'Zootopia ','2016',85),(104,'The Sixth Sense ','1999',86),(105,'How to Train Your Dragon ','2010',87),(106,'Gone with the Wind ','1939',48),(107,'Dial M for Murder ','1954',37),(108,'Trainspotting ','1996',88),(109,'Fargo ','1996',89),(110,'Cool Hand Luke ','1967',90),(111,'Rebecca ','1940',37),(112,'The Deer Hunter ','1978',91),(113,'The Big Lebowski ','1998',89),(114,'Incendies ','2010',33),(115,'Gran Torino ','2008',63),(116,'V for Vendetta ','2005',92),(117,'A Beautiful Mind ','2001',79),(118,'Judgment at Nuremberg ','1961',93),(119,'The Message ','1976',94),(120,'The Wolf of Wall Street ','2013',67),(121,'Warrior ','2011',95),(122,'The Elephant Man ','1980',96),(123,'Wild Strawberries ','1957',28),(124,'The General ','1926',97),(125,'Tokyo Story ','1953',98),(126,'Casino ','1995',67),(127,'Howl\'s Moving Castle ','2004',22),(128,'Sunrise ','1927',99),(129,'The Seventh Seal ','1957',28),(130,'Star Wars: The Force Awakens ','2015',100),(131,'The Secret in Their Eyes ','2009',101),(132,'Lock, Stock and Two Smoking Barrels ','1998',102),(133,'Blade Runner ','1982',12),(134,'Captain America: Civil War ','2016',103),(135,'The Gold Rush ','1925',7),(136,'The Bridge on the River Kwai ','1957',104),(137,'Mr. Smith Goes to Washington ','1939',78),(138,'Ikiru ','1952',19),(139,'Ran ','1985',19),(140,'My Neighbor Totoro ','1988',22),(141,'On the Waterfront ','1954',105),(142,'Heat ','1995',106),(143,'Room ','2015',107),(144,'Pan\'s Labyrinth ','2006',108),(145,'Chinatown ','1974',109),(146,'Die Hard ','1988',110),(147,'The Great Escape ','1963',111),(148,'Inside Out ','2015',43),(149,'The Third Man ','1949',112),(150,'Raging Bull ','1980',67),(151,'Good Will Hunting ','1997',113),(152,'Downfall ','2004',114),(153,'Unforgiven ','1992',63),(154,'Up ','2009',43),(155,'Some Like It Hot ','1959',10),(156,'3 Idiots ','2009',115),(157,'The Hunt ','2012',116),(158,'Batman Begins ','2005',9),(159,'The Treasure of the Sierra Madre ','1948',73),(160,'All About Eve ','1950',117),(161,'Yojimbo ','1961',19),(162,'Children of Heaven ','1997',118),(163,'Scarface ','1983',119),(164,'Metropolis ','1927',120),(165,'A Separation ','2011',121),(166,'Indiana Jones and the Last Crusade ','1989',30),(167,'For a Few Dollars More ','1965',23),(168,'The Apartment ','1960',10),(169,'Rashomon ','1950',19),(170,'L.A. Confidential ','1997',122),(171,'The Kid ','1921',7),(172,'Inglourious Basterds ','2009',4),(173,'Monty Python and the Holy Grail ','1975',45),(174,'Toy Story ','1995',123),(175,'Snatch. ','2000',102),(176,'Bicycle Thieves ','1948',124),(177,'Singin\' in the Rain ','1952',125),(178,'2001: A Space Odyssey ','1968',2),(179,'The Sting ','1973',70),(180,'Amadeus ','1984',126),(181,'Full Metal Jacket ','1987',2),(182,'To Kill a Mockingbird ','1962',127),(183,'Eternal Sunshine of the Spotless Mind ','2004',128),(184,'Lawrence of Arabia ','1962',104),(185,'Toy Story 3 ','2010',129),(186,'Double Indemnity ','1944',10),(187,'A Clockwork Orange ','1971',2),(188,'Taxi Driver ','1976',67),(189,'Requiem for a Dream ','2000',130),(190,'Braveheart ','1995',131),(191,'Amélie ','2001',132),(192,'Reservoir Dogs ','1992',4),(193,'M ','1931',120),(194,'Star Wars: Episode VI - Return of the Jedi ','1983',133),(195,'Witness for the Prosecution ','1957',10),(196,'Vertigo ','1958',37),(197,'North by Northwest ','1959',37),(198,'Das Boot ','1981',134),(199,'Citizen Kane ','1941',60),(200,'Once Upon a Time in America ','1984',23),(201,'Princess Mononoke ','1997',22),(202,'Oldboy ','2003',135),(203,'Aliens ','1986',44),(204,'American Beauty ','1999',136),(205,'The Dark Knight Rises ','2012',9),(206,'Whiplash ','2014',137),(207,'Gladiator ','2000',12),(208,'Back to the Future ','1985',138),(209,'The Departed ','2006',67),(210,'The Pianist ','2002',109),(211,'Terminator 2: Judgment Day ','1991',44),(212,'The Green Mile ','1999',1),(213,'Modern Times ','1936',7),(214,'Rear Window ','1954',37),(215,'City Lights ','1931',7),(216,'The Intouchables ','2011',139),(217,'Raiders of the Lost Ark ','1981',30),(218,'Casablanca ','1942',140),(219,'Psycho ','1960',37),(220,'Interstellar ','2014',9),(221,'Saving Private Ryan ','1998',30),(222,'American History X ','1998',141),(223,'Spirited Away ','2001',22),(224,'Once Upon a Time in the West ','1968',23),(225,'Life Is Beautiful ','1997',142),(226,'Léon: The Professional ','1994',143),(227,'The Usual Suspects ','1995',144),(228,'It\'s a Wonderful Life ','1946',78),(229,'The Silence of the Lambs ','1991',145),(230,'Se7en ','1995',82),(231,'City of God ','2002',146),(232,'Star Wars: Episode IV - A New Hope ','1977',147),(233,'The Matrix ','1999',148),(234,'Seven Samurai ','1954',19),(235,'One Flew Over the Cuckoo\'s Nest ','1975',126),(236,'Goodfellas ','1990',67),(237,'The Lord of the Rings: The Two Towers ','2002',149),(238,'Inception ','2010',9),(239,'Forrest Gump ','1994',138),(240,'Star Wars: Episode V - The Empire Strikes Back ','1980',150),(241,'The Lord of the Rings: The Fellowship of the Ring ','2001',149),(242,'The Good, the Bad and the Ugly ','1966',23),(243,'Pulp Fiction ','1994',4),(244,'Fight Club ','1999',82),(245,'The Lord of the Rings: The Return of the King ','2003',149),(246,'12 Angry Men ','1957',32),(247,'Schindler\'s List ','1993',30),(248,'The Godfather: Part II ','1974',16),(249,'The Dark Knight ','2008',9),(250,'The Godfather ','1972',16);
/*!40000 ALTER TABLE `serverapp_movie` ENABLE KEYS */;
UNLOCK TABLES;

--
-- Table structure for table `serverapp_movieactor`
--

DROP TABLE IF EXISTS `serverapp_movieactor`;
/*!40101 SET @saved_cs_client     = @@character_set_client */;
/*!40101 SET character_set_client = utf8 */;
CREATE TABLE `serverapp_movieactor` (
  `id` int(11) NOT NULL AUTO_INCREMENT,
  `actor_id` int(11) NOT NULL,
  `movie_id` int(11) NOT NULL,
  PRIMARY KEY (`id`),
  KEY `serverapp_movieactor_actor_id_b2c42103_fk_serverapp_actor_id` (`actor_id`),
  KEY `serverapp_movieactor_movie_id_431082b6_fk_serverapp_movie_id` (`movie_id`),
  CONSTRAINT `serverapp_movieactor_actor_id_b2c42103_fk_serverapp_actor_id` FOREIGN KEY (`actor_id`) REFERENCES `serverapp_actor` (`id`),
  CONSTRAINT `serverapp_movieactor_movie_id_431082b6_fk_serverapp_movie_id` FOREIGN KEY (`movie_id`) REFERENCES `serverapp_movie` (`id`)
) ENGINE=InnoDB AUTO_INCREMENT=3588 DEFAULT CHARSET=utf8;
/*!40101 SET character_set_client = @saved_cs_client */;

--
-- Dumping data for table `serverapp_movieactor`
--

LOCK TABLES `serverapp_movieactor` WRITE;
/*!40000 ALTER TABLE `serverapp_movieactor` DISABLE KEYS */;
INSERT INTO `serverapp_movieactor` VALUES (1,1,1),(2,2,1),(3,3,1),(4,4,1),(5,5,1),(6,6,1),(7,7,1),(8,8,1),(9,9,1),(10,10,1),(11,11,1),(12,12,1),(13,13,1),(14,14,1),(15,15,1),(16,16,2),(17,17,2),(18,18,2),(19,19,2),(20,20,2),(21,21,2),(22,22,2),(23,23,2),(24,24,2),(25,25,2),(26,26,2),(27,27,2),(28,28,2),(29,29,2),(30,30,2),(31,31,3),(32,32,3),(33,33,3),(34,34,3),(35,35,3),(36,36,3),(37,37,3),(38,38,3),(39,39,3),(40,40,3),(41,41,3),(42,42,3),(43,43,3),(44,44,4),(45,45,4),(46,46,4),(47,47,4),(48,48,4),(49,49,4),(50,50,4),(51,51,4),(52,52,4),(53,53,4),(54,54,4),(55,55,4),(56,56,4),(57,57,4),(58,58,4),(59,59,5),(60,60,5),(61,61,5),(62,62,5),(63,63,5),(64,64,5),(65,65,5),(66,66,5),(67,67,5),(68,68,5),(69,69,5),(70,70,5),(71,71,5),(72,72,5),(73,73,5),(74,74,6),(75,75,6),(76,76,6),(77,77,6),(78,78,6),(79,79,6),(80,80,6),(81,81,6),(82,82,6),(83,83,6),(84,84,6),(85,85,6),(86,86,6),(87,87,6),(88,88,6),(89,89,7),(90,90,7),(91,91,7),(92,92,7),(93,93,7),(94,94,7),(95,95,7),(96,96,7),(97,97,7),(98,98,7),(99,99,7),(100,100,7),(101,101,7),(102,102,7),(103,103,7),(104,104,8),(105,105,8),(106,106,8),(107,107,8),(108,108,8),(109,109,8),(110,110,8),(111,111,8),(112,112,8),(113,113,8),(114,114,8),(115,115,8),(116,116,8),(117,117,8),(118,118,8),(119,119,9),(120,120,9),(121,121,9),(122,122,9),(123,123,9),(124,124,9),(125,22,9),(126,125,9),(127,126,9),(128,127,9),(129,128,9),(130,129,9),(131,130,9),(132,131,9),(133,132,9),(134,133,10),(135,134,10),(136,135,10),(137,136,10),(138,137,10),(139,138,10),(140,139,10),(141,140,10),(142,141,10),(143,142,10),(144,143,10),(145,144,10),(146,145,10),(147,146,10),(148,147,10),(149,148,11),(150,149,11),(151,150,11),(152,151,11),(153,152,11),(154,153,11),(155,154,11),(156,155,11),(157,156,11),(158,157,11),(159,158,11),(160,159,11),(161,160,11),(162,161,11),(163,162,11),(164,163,12),(165,164,12),(166,165,12),(167,166,12),(168,167,12),(169,168,12),(170,169,12),(171,170,12),(172,171,12),(173,172,12),(174,173,12),(175,174,12),(176,175,12),(177,176,12),(178,177,12),(179,178,13),(180,179,13),(181,154,13),(182,180,13),(183,181,13),(184,182,13),(185,183,13),(186,184,13),(187,185,13),(188,186,13),(189,187,13),(190,188,13),(191,189,13),(192,190,13),(193,191,13),(194,192,14),(195,111,14),(196,193,14),(197,194,14),(198,195,14),(199,196,14),(200,197,14),(201,198,14),(202,199,14),(203,200,15),(204,201,15),(205,202,15),(206,203,15),(207,204,15),(208,205,15),(209,206,15),(210,207,15),(211,208,15),(212,209,15),(213,210,15),(214,211,15),(215,212,15),(216,213,15),(217,214,15),(218,215,16),(219,216,16),(220,217,16),(221,218,16),(222,219,16),(223,220,16),(224,221,16),(225,222,16),(226,223,16),(227,224,16),(228,225,16),(229,226,16),(230,227,16),(231,228,16),(232,229,16),(233,230,17),(234,231,17),(235,232,17),(236,233,17),(237,234,17),(238,235,17),(239,236,17),(240,237,17),(241,238,17),(242,239,17),(243,240,17),(244,241,17),(245,242,17),(246,243,18),(247,244,18),(248,245,18),(249,246,18),(250,247,18),(251,248,18),(252,249,18),(253,250,18),(254,251,18),(255,252,18),(256,253,18),(257,254,18),(258,255,18),(259,256,18),(260,257,18),(261,258,19),(262,259,19),(263,260,19),(264,261,19),(265,262,19),(266,263,19),(267,264,19),(268,265,19),(269,266,19),(270,267,19),(271,268,19),(272,269,19),(273,270,19),(274,271,19),(275,272,19),(276,273,20),(277,274,20),(278,275,20),(279,276,20),(280,277,20),(281,278,20),(282,279,20),(283,280,20),(284,281,20),(285,282,20),(286,283,20),(287,284,20),(288,285,20),(289,286,20),(290,287,20),(291,288,21),(292,289,21),(293,290,21),(294,291,21),(295,292,21),(296,293,21),(297,294,21),(298,295,21),(299,296,21),(300,297,21),(301,298,21),(302,299,21),(303,300,21),(304,301,22),(305,302,22),(306,303,22),(307,304,22),(308,305,22),(309,306,22),(310,307,22),(311,308,22),(312,309,22),(313,310,22),(314,311,22),(315,312,22),(316,313,22),(317,314,22),(318,315,22),(319,316,23),(320,317,23),(321,318,23),(322,319,23),(323,320,23),(324,321,23),(325,322,23),(326,323,23),(327,324,23),(328,325,23),(329,326,23),(330,327,23),(331,328,23),(332,329,23),(333,330,23),(334,331,24),(335,332,24),(336,333,24),(337,334,24),(338,335,24),(339,336,24),(340,337,24),(341,338,24),(342,339,24),(343,340,24),(344,341,24),(345,342,24),(346,343,24),(347,344,25),(348,345,25),(349,346,25),(350,347,25),(351,348,25),(352,180,25),(353,349,25),(354,350,25),(355,351,25),(356,352,25),(357,353,25),(358,354,25),(359,355,25),(360,356,25),(361,357,25),(362,358,26),(363,359,26),(364,360,26),(365,361,26),(366,362,26),(367,363,26),(368,364,26),(369,365,26),(370,366,26),(371,367,26),(372,368,26),(373,369,26),(374,370,26),(375,371,26),(376,372,27),(377,373,27),(378,374,27),(379,375,27),(380,376,27),(381,377,27),(382,378,27),(383,379,27),(384,380,27),(385,381,27),(386,382,27),(387,383,27),(388,384,27),(389,385,27),(390,386,27),(391,387,28),(392,388,28),(393,389,28),(394,390,28),(395,391,28),(396,392,28),(397,393,28),(398,394,28),(399,395,28),(400,396,28),(401,397,28),(402,398,28),(403,399,28),(404,400,28),(405,401,28),(406,402,29),(407,403,29),(408,404,29),(409,405,29),(410,406,29),(411,407,29),(412,408,29),(413,409,29),(414,410,29),(415,411,29),(416,412,29),(417,413,29),(418,414,29),(419,415,29),(420,416,29),(421,417,30),(422,418,30),(423,419,30),(424,420,30),(425,138,30),(426,421,30),(427,422,30),(428,423,30),(429,424,30),(430,425,30),(431,48,30),(432,426,30),(433,427,30),(434,428,30),(435,429,30),(436,430,31),(437,431,31),(438,432,31),(439,433,31),(440,434,31),(441,435,31),(442,436,31),(443,437,31),(444,438,31),(445,439,31),(446,440,31),(447,441,31),(448,442,31),(449,443,31),(450,444,31),(451,445,32),(452,382,32),(453,446,32),(454,447,32),(455,448,32),(456,449,32),(457,450,32),(458,451,32),(459,452,32),(460,453,32),(461,454,32),(462,455,32),(463,456,32),(464,457,32),(465,458,32),(466,46,33),(467,459,33),(468,460,33),(469,259,33),(470,461,33),(471,462,33),(472,463,33),(473,464,33),(474,465,33),(475,466,33),(476,467,33),(477,468,33),(478,469,33),(479,470,33),(480,471,33),(481,472,34),(482,406,34),(483,473,34),(484,474,34),(485,475,34),(486,476,34),(487,477,34),(488,478,34),(489,479,34),(490,480,34),(491,481,34),(492,482,34),(493,483,34),(494,484,34),(495,485,34),(496,486,35),(497,447,35),(498,487,35),(499,488,35),(500,489,35),(501,490,35),(502,491,35),(503,492,35),(504,493,35),(505,494,35),(506,495,35),(507,496,35),(508,497,35),(509,498,35),(510,499,35),(511,500,36),(512,501,36),(513,502,36),(514,503,36),(515,504,36),(516,505,36),(517,506,36),(518,507,36),(519,508,36),(520,509,36),(521,510,36),(522,511,36),(523,512,36),(524,513,36),(525,514,36),(526,133,37),(527,515,37),(528,403,37),(529,516,37),(530,517,37),(531,518,37),(532,519,37),(533,520,37),(534,521,37),(535,522,37),(536,523,37),(537,524,37),(538,525,37),(539,526,37),(540,527,37),(541,528,38),(542,529,38),(543,530,38),(544,531,38),(545,532,38),(546,533,38),(547,534,38),(548,535,38),(549,536,38),(550,537,39),(551,538,39),(552,539,39),(553,540,39),(554,541,39),(555,542,39),(556,543,39),(557,544,39),(558,545,39),(559,546,39),(560,547,39),(561,548,39),(562,549,39),(563,550,39),(564,551,39),(565,552,40),(566,553,40),(567,554,40),(568,555,40),(569,556,40),(570,557,40),(571,558,40),(572,559,40),(573,560,40),(574,561,40),(575,562,40),(576,563,40),(577,564,40),(578,565,40),(579,21,40),(580,566,41),(581,567,41),(582,568,41),(583,569,41),(584,570,41),(585,571,41),(586,572,41),(587,573,41),(588,574,41),(589,575,41),(590,576,41),(591,577,41),(592,578,41),(593,579,41),(594,580,41),(595,581,42),(596,582,42),(597,583,42),(598,584,42),(599,585,42),(600,586,42),(601,587,42),(602,588,42),(603,589,42),(604,590,42),(605,591,42),(606,592,42),(607,593,42),(608,594,42),(609,595,42),(610,596,43),(611,597,43),(612,598,43),(613,599,43),(614,600,43),(615,601,43),(616,602,43),(617,603,43),(618,604,43),(619,605,43),(620,606,43),(621,607,43),(622,608,44),(623,289,44),(624,609,44),(625,610,44),(626,611,44),(627,612,44),(628,613,44),(629,614,44),(630,615,44),(631,616,44),(632,541,44),(633,617,44),(634,618,44),(635,619,44),(636,620,44),(637,621,45),(638,622,45),(639,623,45),(640,624,45),(641,625,45),(642,15,45),(643,626,45),(644,627,45),(645,628,45),(646,398,45),(647,629,45),(648,630,45),(649,631,45),(650,632,45),(651,633,45),(652,634,46),(653,635,46),(654,636,46),(655,236,46),(656,637,46),(657,638,46),(658,639,46),(659,640,46),(660,641,46),(661,642,46),(662,643,46),(663,644,46),(664,645,46),(665,646,46),(666,647,46),(667,648,47),(668,649,47),(669,650,47),(670,651,47),(671,652,47),(672,653,47),(673,654,47),(674,655,47),(675,656,47),(676,657,47),(677,658,47),(678,659,47),(679,660,47),(680,661,47),(681,662,47),(682,663,48),(683,664,48),(684,665,48),(685,666,48),(686,667,48),(687,668,48),(688,669,48),(689,670,48),(690,671,48),(691,672,48),(692,195,48),(693,373,48),(694,673,48),(695,674,48),(696,675,48),(697,676,49),(698,677,49),(699,678,49),(700,679,49),(701,680,49),(702,681,49),(703,682,49),(704,683,49),(705,684,49),(706,685,49),(707,686,49),(708,687,49),(709,688,49),(710,689,49),(711,690,49),(712,691,50),(713,692,50),(714,693,50),(715,694,50),(716,695,50),(717,696,50),(718,697,50),(719,109,50),(720,698,50),(721,699,50),(722,700,50),(723,701,50),(724,702,50),(725,703,50),(726,704,50),(727,705,51),(728,706,51),(729,707,51),(730,708,51),(731,709,51),(732,710,51),(733,711,51),(734,712,51),(735,713,51),(736,714,51),(737,715,51),(738,716,51),(739,717,51),(740,718,51),(741,719,51),(742,720,52),(743,721,52),(744,722,52),(745,723,52),(746,724,52),(747,725,52),(748,726,52),(749,727,52),(750,728,52),(751,729,52),(752,730,52),(753,731,52),(754,732,52),(755,733,52),(756,734,52),(757,515,53),(758,735,53),(759,736,53),(760,737,53),(761,738,53),(762,739,53),(763,740,53),(764,741,53),(765,742,53),(766,743,53),(767,744,53),(768,745,53),(769,746,53),(770,747,53),(771,748,53),(772,749,54),(773,750,54),(774,751,54),(775,752,54),(776,753,54),(777,754,54),(778,755,54),(779,756,54),(780,757,54),(781,758,54),(782,759,54),(783,760,54),(784,761,54),(785,762,54),(786,763,54),(787,764,55),(788,765,55),(789,766,55),(790,767,55),(791,768,55),(792,769,55),(793,770,55),(794,771,55),(795,772,55),(796,773,55),(797,774,55),(798,775,55),(799,472,56),(800,776,56),(801,777,56),(802,269,56),(803,778,56),(804,779,56),(805,780,56),(806,781,56),(807,782,56),(808,783,56),(809,784,56),(810,785,56),(811,786,56),(812,787,56),(813,788,56),(814,789,57),(815,790,57),(816,791,57),(817,792,57),(818,793,57),(819,794,57),(820,795,57),(821,796,57),(822,797,57),(823,798,57),(824,799,57),(825,800,57),(826,801,57),(827,802,57),(828,803,57),(829,804,58),(830,805,58),(831,806,58),(832,807,58),(833,808,58),(834,809,58),(835,810,58),(836,811,58),(837,812,58),(838,813,58),(839,814,58),(840,815,58),(841,816,58),(842,817,58),(843,818,58),(844,200,59),(845,819,59),(846,202,59),(847,820,59),(848,821,59),(849,822,59),(850,823,59),(851,824,59),(852,825,59),(853,826,59),(854,827,59),(855,828,59),(856,829,59),(857,830,59),(858,831,59),(859,832,60),(860,833,60),(861,834,60),(862,835,60),(863,836,60),(864,837,60),(865,838,60),(866,839,60),(867,840,60),(868,841,60),(869,842,60),(870,843,60),(871,844,60),(872,845,60),(873,846,60),(874,847,61),(875,848,61),(876,849,61),(877,850,61),(878,851,61),(879,852,61),(880,853,61),(881,854,61),(882,855,61),(883,856,61),(884,857,61),(885,858,61),(886,859,61),(887,860,61),(888,861,61),(889,862,62),(890,863,62),(891,864,62),(892,865,62),(893,866,62),(894,867,62),(895,259,62),(896,868,62),(897,869,62),(898,870,62),(899,871,62),(900,872,62),(901,873,62),(902,874,62),(903,875,62),(904,46,63),(905,876,63),(906,670,63),(907,877,63),(908,878,63),(909,879,63),(910,880,63),(911,881,63),(912,882,63),(913,883,63),(914,884,63),(915,885,63),(916,886,63),(917,887,63),(918,888,63),(919,889,64),(920,890,64),(921,891,64),(922,892,64),(923,893,64),(924,894,64),(925,895,64),(926,896,64),(927,897,64),(928,48,64),(929,898,64),(930,899,64),(931,900,64),(932,901,64),(933,902,64),(934,903,65),(935,904,65),(936,905,65),(937,906,65),(938,907,65),(939,908,65),(940,909,65),(941,910,65),(942,911,66),(943,912,66),(944,913,66),(945,914,66),(946,915,66),(947,916,66),(948,917,66),(949,918,66),(950,919,66),(951,920,66),(952,921,66),(953,922,66),(954,923,66),(955,924,66),(956,925,66),(957,926,67),(958,927,67),(959,928,67),(960,771,67),(961,929,67),(962,930,67),(963,931,67),(964,932,67),(965,933,67),(966,934,67),(967,935,67),(968,936,67),(969,937,67),(970,938,67),(971,939,67),(972,940,68),(973,941,68),(974,942,68),(975,504,68),(976,943,68),(977,17,68),(978,944,68),(979,945,68),(980,460,68),(981,946,68),(982,947,68),(983,948,68),(984,949,68),(985,950,68),(986,951,68),(987,952,69),(988,781,69),(989,953,69),(990,954,69),(991,955,69),(992,956,69),(993,957,69),(994,958,69),(995,959,69),(996,960,69),(997,961,69),(998,962,69),(999,963,69),(1000,964,69),(1001,965,69),(1002,966,70),(1003,967,70),(1004,968,70),(1005,969,70),(1006,970,70),(1007,971,70),(1008,686,70),(1009,972,70),(1010,973,70),(1011,974,70),(1012,975,70),(1013,976,70),(1014,977,70),(1015,978,70),(1016,979,70),(1017,966,71),(1018,980,71),(1019,981,71),(1020,982,71),(1021,657,71),(1022,983,71),(1023,681,71),(1024,984,71),(1025,985,71),(1026,986,71),(1027,987,71),(1028,988,71),(1029,562,71),(1030,989,72),(1031,990,72),(1032,991,72),(1033,992,72),(1034,993,72),(1035,994,72),(1036,995,72),(1037,996,72),(1038,997,72),(1039,998,72),(1040,999,72),(1041,1000,72),(1042,1001,72),(1043,1002,72),(1044,1003,72),(1045,1004,73),(1046,351,73),(1047,1005,73),(1048,1006,73),(1049,1007,73),(1050,1008,73),(1051,1009,73),(1052,1010,73),(1053,1011,73),(1054,1012,73),(1055,1013,73),(1056,504,73),(1057,692,73),(1058,1014,73),(1059,1015,73),(1060,1016,74),(1061,1017,74),(1062,1018,74),(1063,1019,74),(1064,1020,74),(1065,1021,74),(1066,1022,74),(1067,1023,74),(1068,1024,74),(1069,1025,74),(1070,1026,74),(1071,1027,74),(1072,1028,74),(1073,1029,74),(1074,1030,74),(1075,358,75),(1076,1031,75),(1077,2,75),(1078,1032,75),(1079,1033,75),(1080,1034,75),(1081,1035,75),(1082,1036,75),(1083,1037,75),(1084,1038,75),(1085,475,75),(1086,1039,75),(1087,1040,75),(1088,1041,75),(1089,1042,75),(1090,663,76),(1091,1043,76),(1092,1044,76),(1093,1045,76),(1094,1046,76),(1095,891,76),(1096,1047,76),(1097,1048,76),(1098,634,76),(1099,1049,76),(1100,1050,76),(1101,1051,76),(1102,1052,76),(1103,1053,76),(1104,1054,76),(1105,480,77),(1106,1055,77),(1107,1056,77),(1108,1057,77),(1109,1058,77),(1110,1059,77),(1111,1060,77),(1112,1061,77),(1113,1062,77),(1114,1063,77),(1115,1064,77),(1116,1065,77),(1117,1066,77),(1118,1067,77),(1119,1068,77),(1120,1069,78),(1121,1070,78),(1122,1071,78),(1123,1072,78),(1124,1073,79),(1125,1074,79),(1126,1075,79),(1127,1076,79),(1128,1077,79),(1129,1078,79),(1130,1079,79),(1131,1080,79),(1132,1081,79),(1133,1082,79),(1134,1083,79),(1135,1084,79),(1136,1085,79),(1137,1086,79),(1138,1087,79),(1139,46,80),(1140,419,80),(1141,862,80),(1142,1088,80),(1143,1089,80),(1144,1090,80),(1145,1091,80),(1146,1092,80),(1147,1093,80),(1148,1094,80),(1149,1095,80),(1150,1096,80),(1151,1097,80),(1152,1098,80),(1153,1099,80),(1154,1100,81),(1155,1101,81),(1156,1102,81),(1157,1103,81),(1158,1104,81),(1159,1105,81),(1160,1106,81),(1161,1107,81),(1162,1108,81),(1163,1109,81),(1164,1110,81),(1165,1111,81),(1166,1112,81),(1167,1113,81),(1168,583,81),(1169,1114,82),(1170,1115,82),(1171,1116,82),(1172,1117,82),(1173,1118,82),(1174,1119,82),(1175,1120,82),(1176,1121,82),(1177,1122,82),(1178,1123,82),(1179,1124,82),(1180,1125,82),(1181,1126,82),(1182,457,82),(1183,1127,82),(1184,1128,83),(1185,1129,83),(1186,1130,83),(1187,1131,83),(1188,1132,83),(1189,1133,83),(1190,1134,83),(1191,1135,83),(1192,1136,83),(1193,1137,83),(1194,1138,83),(1195,1139,83),(1196,1140,83),(1197,1141,83),(1198,1142,83),(1199,1143,84),(1200,163,84),(1201,1144,84),(1202,260,84),(1203,1145,84),(1204,1146,84),(1205,1147,84),(1206,1148,84),(1207,1149,84),(1208,1150,84),(1209,1151,84),(1210,1152,84),(1211,1153,84),(1212,1154,84),(1213,1155,84),(1214,1156,85),(1215,850,85),(1216,1157,85),(1217,1158,85),(1218,848,85),(1219,1159,85),(1220,1160,85),(1221,1161,85),(1222,1162,85),(1223,1163,85),(1224,1164,85),(1225,1165,85),(1226,1166,85),(1227,1167,85),(1228,1168,85),(1229,1169,86),(1230,1170,86),(1231,1171,86),(1232,1172,86),(1233,1173,86),(1234,1174,86),(1235,1175,86),(1236,346,86),(1237,1176,86),(1238,1177,86),(1239,1178,86),(1240,1179,86),(1241,1180,86),(1242,1181,86),(1243,1182,86),(1244,419,87),(1245,1183,87),(1246,1184,87),(1247,1185,87),(1248,1186,87),(1249,1187,87),(1250,1188,87),(1251,1189,87),(1252,1190,87),(1253,1191,87),(1254,1192,87),(1255,1193,87),(1256,1194,87),(1257,1195,87),(1258,1196,87),(1259,876,88),(1260,1197,88),(1261,1198,88),(1262,1199,88),(1263,1200,88),(1264,1201,88),(1265,1202,88),(1266,1203,88),(1267,1204,88),(1268,1205,88),(1269,1206,88),(1270,1207,88),(1271,1208,88),(1272,1209,88),(1273,1210,88),(1274,1211,89),(1275,1212,89),(1276,684,89),(1277,1213,89),(1278,1214,89),(1279,1215,89),(1280,1216,89),(1281,1217,89),(1282,1218,89),(1283,1219,89),(1284,1220,89),(1285,1221,89),(1286,1222,89),(1287,1223,90),(1288,1224,90),(1289,1225,90),(1290,1226,90),(1291,1227,90),(1292,1228,90),(1293,1229,90),(1294,1230,90),(1295,1231,90),(1296,1232,90),(1297,1233,90),(1298,1234,90),(1299,1235,90),(1300,1236,90),(1301,1237,90),(1302,1238,91),(1303,1239,91),(1304,1046,91),(1305,1240,91),(1306,1241,91),(1307,1242,91),(1308,1243,91),(1309,1244,91),(1310,1245,91),(1311,1246,91),(1312,445,91),(1313,1247,91),(1314,1248,91),(1315,1249,91),(1316,1250,91),(1317,1074,92),(1318,1251,92),(1319,1252,92),(1320,1253,92),(1321,1254,92),(1322,1255,92),(1323,1256,92),(1324,1257,92),(1325,1258,92),(1326,1259,92),(1327,1260,92),(1328,1261,92),(1329,1262,92),(1330,1263,92),(1331,1264,92),(1332,1265,93),(1333,1266,93),(1334,1267,93),(1335,1268,93),(1336,1269,93),(1337,1270,93),(1338,1271,93),(1339,1272,93),(1340,1273,93),(1341,1274,93),(1342,1275,93),(1343,1276,93),(1344,1277,93),(1345,1278,93),(1346,1279,93),(1347,1280,94),(1348,1281,94),(1349,1282,94),(1350,1283,94),(1351,1284,94),(1352,1285,94),(1353,1286,94),(1354,1287,94),(1355,1288,94),(1356,420,95),(1357,784,95),(1358,1289,95),(1359,1290,95),(1360,1291,95),(1361,1292,95),(1362,1293,95),(1363,1294,95),(1364,1295,95),(1365,1296,95),(1366,1297,95),(1367,786,95),(1368,1298,95),(1369,1299,95),(1370,1300,95),(1371,1301,96),(1372,1302,96),(1373,1303,96),(1374,1304,96),(1375,1305,96),(1376,1306,96),(1377,1307,96),(1378,1308,96),(1379,1309,96),(1380,1310,96),(1381,1311,96),(1382,1312,96),(1383,1313,96),(1384,1314,96),(1385,1315,96),(1386,1316,97),(1387,1317,97),(1388,1318,97),(1389,1319,97),(1390,1320,97),(1391,1321,97),(1392,1322,97),(1393,1323,97),(1394,1324,97),(1395,1325,97),(1396,1326,97),(1397,1327,97),(1398,1328,97),(1399,1329,97),(1400,1330,97),(1401,1331,98),(1402,1332,98),(1403,1333,98),(1404,1334,98),(1405,1335,98),(1406,1336,98),(1407,1337,98),(1408,1338,98),(1409,1339,98),(1410,1340,98),(1411,1341,98),(1412,1342,98),(1413,1343,98),(1414,1344,99),(1415,1345,99),(1416,1346,99),(1417,1347,99),(1418,1348,99),(1419,1349,99),(1420,1350,99),(1421,1351,99),(1422,1352,99),(1423,1353,99),(1424,1354,99),(1425,1355,99),(1426,1356,99),(1427,1357,99),(1428,1358,99),(1429,1359,100),(1430,1360,100),(1431,1361,100),(1432,1351,100),(1433,1239,100),(1434,348,100),(1435,1362,100),(1436,1363,100),(1437,1364,100),(1438,1365,100),(1439,1366,100),(1440,1367,100),(1441,1368,100),(1442,1369,100),(1443,1370,100),(1444,1371,101),(1445,1372,101),(1446,1373,101),(1447,1374,101),(1448,1375,101),(1449,1376,101),(1450,1377,101),(1451,1378,101),(1452,1379,101),(1453,1380,101),(1454,1381,101),(1455,1382,101),(1456,1383,101),(1457,1384,101),(1458,1385,101),(1459,1386,102),(1460,1387,102),(1461,1388,102),(1462,1046,102),(1463,1389,102),(1464,408,102),(1465,1390,102),(1466,1379,102),(1467,1391,102),(1468,1392,102),(1469,382,102),(1470,1393,102),(1471,1394,102),(1472,1395,102),(1473,697,102),(1474,1396,103),(1475,1397,103),(1476,1398,103),(1477,1399,103),(1478,1400,103),(1479,701,103),(1480,1401,103),(1481,1402,103),(1482,1403,103),(1483,405,103),(1484,1404,103),(1485,1405,103),(1486,1406,103),(1487,1407,103),(1488,1408,103),(1489,721,104),(1490,1409,104),(1491,1331,104),(1492,1410,104),(1493,1411,104),(1494,1412,104),(1495,1413,104),(1496,1414,104),(1497,1415,104),(1498,1416,104),(1499,1417,104),(1500,1418,104),(1501,1419,104),(1502,1420,104),(1503,1421,104),(1504,1032,105),(1505,1422,105),(1506,1423,105),(1507,1424,105),(1508,1425,105),(1509,1426,105),(1510,1126,105),(1511,473,105),(1512,1427,105),(1513,1428,105),(1514,1429,105),(1515,1430,105),(1516,1431,105),(1517,317,106),(1518,1432,106),(1519,1433,106),(1520,1434,106),(1521,1435,106),(1522,1436,106),(1523,1437,106),(1524,1438,106),(1525,1439,106),(1526,1440,106),(1527,1441,106),(1528,1442,106),(1529,1443,106),(1530,1444,106),(1531,1445,106),(1532,1446,107),(1533,320,107),(1534,1447,107),(1535,1448,107),(1536,1449,107),(1537,1450,107),(1538,1451,107),(1539,1452,107),(1540,1453,107),(1541,1454,107),(1542,1455,108),(1543,1456,108),(1544,1457,108),(1545,1458,108),(1546,1459,108),(1547,1375,108),(1548,1460,108),(1549,1461,108),(1550,1462,108),(1551,1463,108),(1552,1464,108),(1553,1465,108),(1554,1466,108),(1555,1467,108),(1556,1468,108),(1557,1469,109),(1558,694,109),(1559,1470,109),(1560,1471,109),(1561,1472,109),(1562,1473,109),(1563,1474,109),(1564,1475,109),(1565,1476,109),(1566,1477,109),(1567,1478,109),(1568,1479,109),(1569,1480,109),(1570,1481,109),(1571,1482,109),(1572,1169,110),(1573,1483,110),(1574,1484,110),(1575,1485,110),(1576,1486,110),(1577,1172,110),(1578,1487,110),(1579,1488,110),(1580,1489,110),(1581,1490,110),(1582,1491,110),(1583,1492,110),(1584,1493,110),(1585,1494,110),(1586,266,110),(1587,1495,111),(1588,1496,111),(1589,1497,111),(1590,1498,111),(1591,1499,111),(1592,1500,111),(1593,1501,111),(1594,1502,111),(1595,1503,111),(1596,1504,111),(1597,599,111),(1598,1505,111),(1599,1506,111),(1600,1507,111),(1601,1508,111),(1602,1509,112),(1603,502,112),(1604,1510,112),(1605,460,112),(1606,1511,112),(1607,1512,112),(1608,1513,112),(1609,1514,112),(1610,1515,112),(1611,1516,112),(1612,1517,112),(1613,1518,112),(1614,1519,112),(1615,1520,112),(1616,1521,112),(1617,1522,113),(1618,691,113),(1619,1523,113),(1620,694,113),(1621,1524,113),(1622,1332,113),(1623,1525,113),(1624,1526,113),(1625,1527,113),(1626,1470,113),(1627,1528,113),(1628,1529,113),(1629,1530,113),(1630,1531,113),(1631,1532,113),(1632,1533,114),(1633,1534,114),(1634,1535,114),(1635,1536,114),(1636,1537,114),(1637,1538,114),(1638,1539,114),(1639,1540,114),(1640,1541,114),(1641,1542,114),(1642,1543,114),(1643,1544,114),(1644,1545,114),(1645,1546,114),(1646,1547,114),(1647,358,115),(1648,1548,115),(1649,1549,115),(1650,1550,115),(1651,1551,115),(1652,1552,115),(1653,1553,115),(1654,464,115),(1655,1094,115),(1656,1554,115),(1657,1555,115),(1658,1556,115),(1659,1557,115),(1660,1558,115),(1661,1559,115),(1662,1560,116),(1663,1561,116),(1664,1562,116),(1665,1563,116),(1666,195,116),(1667,1564,116),(1668,1565,116),(1669,1566,116),(1670,1567,116),(1671,1568,116),(1672,1569,116),(1673,1570,116),(1674,1571,116),(1675,1572,116),(1676,1573,116),(1677,1574,117),(1678,1575,117),(1679,1576,117),(1680,1577,117),(1681,427,117),(1682,1578,117),(1683,1579,117),(1684,1580,117),(1685,1581,117),(1686,1582,117),(1687,1390,117),(1688,1583,117),(1689,1584,117),(1690,1585,117),(1691,1586,117),(1692,1587,118),(1693,1588,118),(1694,1589,118),(1695,1590,118),(1696,1591,118),(1697,764,118),(1698,1592,118),(1699,1593,118),(1700,1594,118),(1701,1595,118),(1702,1596,118),(1703,1597,118),(1704,1598,118),(1705,1599,118),(1706,1600,118),(1707,1601,119),(1708,1602,119),(1709,1603,119),(1710,1604,119),(1711,1605,119),(1712,1606,119),(1713,1607,119),(1714,562,119),(1715,1608,119),(1716,1609,119),(1717,1610,119),(1718,1611,119),(1719,1612,119),(1720,1613,119),(1721,1614,119),(1722,46,120),(1723,1425,120),(1724,1615,120),(1725,1616,120),(1726,1617,120),(1727,1618,120),(1728,1619,120),(1729,1620,120),(1730,1621,120),(1731,1622,120),(1732,1623,120),(1733,1624,120),(1734,1625,120),(1735,1626,120),(1736,1627,120),(1737,1628,121),(1738,876,121),(1739,1231,121),(1740,1629,121),(1741,1630,121),(1742,1631,121),(1743,1632,121),(1744,1633,121),(1745,1634,121),(1746,1635,121),(1747,1636,121),(1748,1637,121),(1749,1638,121),(1750,1639,121),(1751,1640,121),(1752,1641,122),(1753,195,122),(1754,1642,122),(1755,865,122),(1756,1643,122),(1757,1644,122),(1758,1645,122),(1759,1646,122),(1760,1647,122),(1761,1570,122),(1762,1648,122),(1763,1649,122),(1764,1650,122),(1765,1651,122),(1766,1652,122),(1767,1653,123),(1768,1069,123),(1769,1654,123),(1770,1072,123),(1771,1655,123),(1772,1656,123),(1773,1657,123),(1774,1658,123),(1775,1659,123),(1776,1660,123),(1777,1661,123),(1778,1662,123),(1779,1088,123),(1780,1663,123),(1781,1664,123),(1782,175,124),(1783,1665,124),(1784,1666,124),(1785,1667,124),(1786,1668,124),(1787,1669,124),(1788,1670,124),(1789,1671,124),(1790,1672,124),(1791,1673,124),(1792,1674,125),(1793,1675,125),(1794,1676,125),(1795,1677,125),(1796,1678,125),(1797,1679,125),(1798,1680,125),(1799,1681,125),(1800,1682,125),(1801,1683,125),(1802,1684,125),(1803,1685,125),(1804,1686,125),(1805,1687,125),(1806,1688,125),(1807,1509,126),(1808,1689,126),(1809,1690,126),(1810,1691,126),(1811,1692,126),(1812,1693,126),(1813,1694,126),(1814,1695,126),(1815,1696,126),(1816,1697,126),(1817,1698,126),(1818,1699,126),(1819,1700,126),(1820,1701,126),(1821,1702,126),(1822,1703,127),(1823,1704,127),(1824,1705,127),(1825,1706,127),(1826,1707,127),(1827,1708,127),(1828,1709,127),(1829,1710,127),(1830,1711,127),(1831,1712,127),(1832,1713,127),(1833,134,127),(1834,1714,127),(1835,1715,127),(1836,1090,127),(1837,1716,128),(1838,1717,128),(1839,1718,128),(1840,1719,128),(1841,1720,128),(1842,1721,128),(1843,1722,128),(1844,1723,128),(1845,1724,128),(1846,1725,128),(1847,1072,129),(1848,1726,129),(1849,1727,129),(1850,1088,129),(1851,1069,129),(1852,1728,129),(1853,1729,129),(1854,1730,129),(1855,1731,129),(1856,1732,129),(1857,1733,129),(1858,1663,129),(1859,1734,129),(1860,1735,129),(1861,265,130),(1862,347,130),(1863,1736,130),(1864,1737,130),(1865,1738,130),(1866,1739,130),(1867,1740,130),(1868,1741,130),(1869,141,130),(1870,670,130),(1871,1742,130),(1872,1088,130),(1873,1743,130),(1874,1744,130),(1875,1745,130),(1876,1746,131),(1877,997,131),(1878,1747,131),(1879,1748,131),(1880,1749,131),(1881,1750,131),(1882,1751,131),(1883,1752,131),(1884,1753,131),(1885,1754,131),(1886,1755,131),(1887,1756,131),(1888,1757,131),(1889,1758,131),(1890,1759,131),(1891,1760,132),(1892,1648,132),(1893,1761,132),(1894,1762,132),(1895,1763,132),(1896,1764,132),(1897,1765,132),(1898,1766,132),(1899,1767,132),(1900,1768,132),(1901,1769,132),(1902,1770,132),(1903,1771,132),(1904,1772,132),(1905,1773,132),(1906,265,133),(1907,1774,133),(1908,1775,133),(1909,1776,133),(1910,1777,133),(1911,1304,133),(1912,1778,133),(1913,1779,133),(1914,22,133),(1915,1780,133),(1916,1781,133),(1917,1782,133),(1918,1783,133),(1919,1784,133),(1920,1785,133),(1921,418,134),(1922,417,134),(1923,138,134),(1924,478,134),(1925,1036,134),(1926,1224,134),(1927,421,134),(1928,1786,134),(1929,427,134),(1930,1787,134),(1931,1788,134),(1932,1789,134),(1933,1790,134),(1934,784,134),(1935,1630,134),(1936,89,135),(1937,1791,135),(1938,1792,135),(1939,1793,135),(1940,1794,135),(1941,1795,135),(1942,163,136),(1943,651,136),(1944,980,136),(1945,1796,136),(1946,1797,136),(1947,1798,136),(1948,562,136),(1949,1799,136),(1950,1800,136),(1951,1801,136),(1952,1802,136),(1953,1803,136),(1954,1804,136),(1955,1805,136),(1956,1806,136),(1957,1807,137),(1958,1808,137),(1959,1809,137),(1960,1810,137),(1961,1811,137),(1962,317,137),(1963,1812,137),(1964,1813,137),(1965,177,137),(1966,1814,137),(1967,1815,137),(1968,1816,137),(1969,1817,137),(1970,1818,137),(1971,1819,137),(1972,303,138),(1973,1820,138),(1974,1821,138),(1975,306,138),(1976,1822,138),(1977,1823,138),(1978,1824,138),(1979,1825,138),(1980,1826,138),(1981,1827,138),(1982,1682,138),(1983,1828,138),(1984,1829,138),(1985,1830,138),(1986,1831,138),(1987,1832,139),(1988,1833,139),(1989,1834,139),(1990,1835,139),(1991,1836,139),(1992,1837,139),(1993,1838,139),(1994,1839,139),(1995,1840,139),(1996,1841,139),(1997,1842,139),(1998,1843,139),(1999,1844,139),(2000,1845,139),(2001,1846,139),(2002,922,140),(2003,1847,140),(2004,1848,140),(2005,1849,140),(2006,1850,140),(2007,1851,140),(2008,1852,140),(2009,1853,140),(2010,1854,140),(2011,1855,140),(2012,1856,140),(2013,1857,140),(2014,1858,140),(2015,1859,140),(2016,1860,140),(2017,258,141),(2018,1861,141),(2019,1862,141),(2020,1863,141),(2021,1864,141),(2022,1865,141),(2023,1866,141),(2024,1867,141),(2025,1868,141),(2026,1869,141),(2027,1870,141),(2028,1871,141),(2029,1872,141),(2030,1873,141),(2031,1874,141),(2032,510,142),(2033,1509,142),(2034,1875,142),(2035,1876,142),(2036,1877,142),(2037,1878,142),(2038,1879,142),(2039,1880,142),(2040,1881,142),(2041,1882,142),(2042,1093,142),(2043,1883,142),(2044,1884,142),(2045,1560,142),(2046,1885,142),(2047,1886,143),(2048,1887,143),(2049,1888,143),(2050,1889,143),(2051,1890,143),(2052,1891,143),(2053,1892,143),(2054,1893,143),(2055,781,143),(2056,1894,143),(2057,1895,143),(2058,1469,143),(2059,1896,143),(2060,1897,143),(2061,1898,143),(2062,1899,144),(2063,1900,144),(2064,1901,144),(2065,1902,144),(2066,1903,144),(2067,1904,144),(2068,1905,144),(2069,1906,144),(2070,1907,144),(2071,1908,144),(2072,1909,144),(2073,1910,144),(2074,1911,144),(2075,1912,144),(2076,1913,144),(2077,16,145),(2078,1143,145),(2079,1914,145),(2080,1915,145),(2081,1916,145),(2082,1917,145),(2083,1918,145),(2084,1919,145),(2085,1920,145),(2086,1921,145),(2087,1922,145),(2088,1923,145),(2089,1924,145),(2090,1925,145),(2091,1781,145),(2092,721,146),(2093,1926,146),(2094,1927,146),(2095,1928,146),(2096,1929,146),(2097,1930,146),(2098,1931,146),(2099,665,146),(2100,1932,146),(2101,1933,146),(2102,1934,146),(2103,1935,146),(2104,1936,146),(2105,1937,146),(2106,1938,146),(2107,1939,147),(2108,1940,147),(2109,892,147),(2110,1797,147),(2111,1941,147),(2112,1942,147),(2113,695,147),(2114,1943,147),(2115,1944,147),(2116,1945,147),(2117,1946,147),(2118,1947,147),(2119,1948,147),(2120,1949,147),(2121,1950,147),(2122,1951,148),(2123,1952,148),(2124,1953,148),(2125,1954,148),(2126,1955,148),(2127,1956,148),(2128,1957,148),(2129,1958,148),(2130,1959,148),(2131,1960,148),(2132,1961,148),(2133,1962,148),(2134,1963,148),(2135,698,148),(2136,1964,148),(2137,1965,149),(2138,1966,149),(2139,968,149),(2140,866,149),(2141,1967,149),(2142,1968,149),(2143,1969,149),(2144,1970,149),(2145,1971,149),(2146,1972,149),(2147,1973,149),(2148,1509,150),(2149,1974,150),(2150,1690,150),(2151,1697,150),(2152,1975,150),(2153,1976,150),(2154,1977,150),(2155,1978,150),(2156,1979,150),(2157,1980,150),(2158,1981,150),(2159,1982,150),(2160,1983,150),(2161,1984,150),(2162,1985,150),(2163,472,151),(2164,1986,151),(2165,1344,151),(2166,425,151),(2167,1987,151),(2168,1988,151),(2169,1989,151),(2170,1990,151),(2171,1991,151),(2172,1992,151),(2173,1993,151),(2174,1994,151),(2175,1995,151),(2176,1996,151),(2177,1997,151),(2178,1998,152),(2179,1290,152),(2180,1999,152),(2181,2000,152),(2182,2001,152),(2183,2002,152),(2184,2003,152),(2185,2004,152),(2186,2005,152),(2187,2006,152),(2188,2007,152),(2189,2008,152),(2190,2009,152),(2191,2010,152),(2192,2011,152),(2193,358,153),(2194,2012,153),(2195,2,153),(2196,2013,153),(2197,2014,153),(2198,2015,153),(2199,2016,153),(2200,2017,153),(2201,2018,153),(2202,2019,153),(2203,2020,153),(2204,2021,153),(2205,2022,153),(2206,2023,153),(2207,2024,153),(2208,2025,154),(2209,1577,154),(2210,2026,154),(2211,697,154),(2212,2027,154),(2213,2028,154),(2214,109,154),(2215,2029,154),(2216,2030,154),(2217,2031,154),(2218,2032,154),(2219,2033,154),(2220,117,154),(2221,2034,154),(2222,1964,154),(2223,2035,155),(2224,2036,155),(2225,2037,155),(2226,2038,155),(2227,2039,155),(2228,2040,155),(2229,2041,155),(2230,2042,155),(2231,2043,155),(2232,2044,155),(2233,2045,155),(2234,2046,155),(2235,2047,155),(2236,2048,155),(2237,2049,155),(2238,243,156),(2239,2050,156),(2240,2051,156),(2241,2052,156),(2242,2053,156),(2243,2054,156),(2244,2055,156),(2245,2056,156),(2246,2057,156),(2247,2058,156),(2248,2059,156),(2249,2060,156),(2250,2061,156),(2251,2062,156),(2252,2063,156),(2253,2064,157),(2254,2065,157),(2255,2066,157),(2256,2067,157),(2257,2068,157),(2258,2069,157),(2259,2070,157),(2260,2071,157),(2261,2072,157),(2262,2073,157),(2263,2074,157),(2264,2075,157),(2265,2076,157),(2266,2077,157),(2267,2078,157),(2268,134,158),(2269,135,158),(2270,2079,158),(2271,2080,158),(2272,2081,158),(2273,2082,158),(2274,1054,158),(2275,1774,158),(2276,2083,158),(2277,233,158),(2278,2084,158),(2279,2,158),(2280,242,158),(2281,2085,158),(2282,2086,158),(2283,1211,159),(2284,2087,159),(2285,2088,159),(2286,2089,159),(2287,1214,159),(2288,2090,159),(2289,2091,159),(2290,2092,159),(2291,2093,159),(2292,2094,159),(2293,2095,160),(2294,2096,160),(2295,1497,160),(2296,2097,160),(2297,2098,160),(2298,2099,160),(2299,2100,160),(2300,2101,160),(2301,2035,160),(2302,2102,160),(2303,2103,160),(2304,2104,160),(2305,2105,160),(2306,2106,160),(2307,2107,160),(2308,301,161),(2309,1832,161),(2310,2108,161),(2311,302,161),(2312,2109,161),(2313,2110,161),(2314,303,161),(2315,305,161),(2316,2111,161),(2317,1681,161),(2318,1825,161),(2319,2112,161),(2320,1828,161),(2321,2113,161),(2322,2114,161),(2323,2115,162),(2324,2116,162),(2325,2117,162),(2326,2118,162),(2327,2119,162),(2328,2120,162),(2329,2121,162),(2330,2122,162),(2331,2123,162),(2332,2124,162),(2333,2125,162),(2334,2126,162),(2335,2127,162),(2336,2128,162),(2337,2129,162),(2338,510,163),(2339,2130,163),(2340,2131,163),(2341,2132,163),(2342,2133,163),(2343,2134,163),(2344,1043,163),(2345,2135,163),(2346,2136,163),(2347,2137,163),(2348,2138,163),(2349,2139,163),(2350,2140,163),(2351,2141,163),(2352,2142,163),(2353,2143,164),(2354,2144,164),(2355,2145,164),(2356,2146,164),(2357,2147,164),(2358,2148,164),(2359,2149,164),(2360,2150,164),(2361,2151,165),(2362,2152,165),(2363,2153,165),(2364,2154,165),(2365,2155,165),(2366,2156,165),(2367,2157,165),(2368,2158,165),(2369,2159,165),(2370,2160,165),(2371,2161,165),(2372,2162,165),(2373,2163,165),(2374,2164,165),(2375,2165,165),(2376,265,166),(2377,2166,166),(2378,2167,166),(2379,2168,166),(2380,2169,166),(2381,2170,166),(2382,1101,166),(2383,2171,166),(2384,2172,166),(2385,2173,166),(2386,2174,166),(2387,2175,166),(2388,2176,166),(2389,2177,166),(2390,2178,166),(2391,358,167),(2392,328,167),(2393,360,167),(2394,369,167),(2395,2179,167),(2396,371,167),(2397,2180,167),(2398,368,167),(2399,2181,167),(2400,2182,167),(2401,2183,167),(2402,2184,167),(2403,363,167),(2404,2185,167),(2405,2186,167),(2406,2037,168),(2407,2187,168),(2408,2188,168),(2409,2189,168),(2410,2190,168),(2411,2191,168),(2412,2192,168),(2413,2042,168),(2414,2193,168),(2415,2194,168),(2416,2195,168),(2417,2196,168),(2418,2197,168),(2419,2198,168),(2420,301,169),(2421,2199,169),(2422,2200,169),(2423,303,169),(2424,306,169),(2425,310,169),(2426,2201,169),(2427,2109,169),(2428,2202,170),(2429,1574,170),(2430,230,170),(2431,2203,170),(2432,2204,170),(2433,2205,170),(2434,777,170),(2435,2206,170),(2436,2207,170),(2437,2208,170),(2438,2209,170),(2439,2210,170),(2440,2211,170),(2441,2212,170),(2442,2213,170),(2443,2214,171),(2444,2215,171),(2445,2216,171),(2446,89,171),(2447,2217,172),(2448,2218,172),(2449,45,172),(2450,2219,172),(2451,2220,172),(2452,2221,172),(2453,784,172),(2454,2222,172),(2455,2223,172),(2456,2224,172),(2457,2225,172),(2458,2226,172),(2459,2227,172),(2460,2228,172),(2461,2229,172),(2462,1265,173),(2463,1266,173),(2464,1268,173),(2465,1267,173),(2466,1269,173),(2467,1270,173),(2468,2230,173),(2469,1272,173),(2470,1274,173),(2471,2231,173),(2472,1276,173),(2473,2232,173),(2474,2233,173),(2475,2234,173),(2476,2235,173),(2477,459,174),(2478,2236,174),(2479,1692,174),(2480,2237,174),(2481,1007,174),(2482,109,174),(2483,2238,174),(2484,2239,174),(2485,2240,174),(2486,2241,174),(2487,2242,174),(2488,2243,174),(2489,2244,174),(2490,704,174),(2491,2245,174),(2492,398,175),(2493,2246,175),(2494,1767,175),(2495,2217,175),(2496,2247,175),(2497,1762,175),(2498,2248,175),(2499,2249,175),(2500,2250,175),(2501,2251,175),(2502,1456,175),(2503,1760,175),(2504,2252,175),(2505,2253,175),(2506,2254,175),(2507,2255,176),(2508,2256,176),(2509,2257,176),(2510,2258,176),(2511,2259,176),(2512,2260,176),(2513,2261,176),(2514,2262,176),(2515,2263,176),(2516,2264,176),(2517,2265,176),(2518,2266,177),(2519,2267,177),(2520,2268,177),(2521,2269,177),(2522,2270,177),(2523,2271,177),(2524,2272,177),(2525,2273,177),(2526,2274,178),(2527,2275,178),(2528,2276,178),(2529,2277,178),(2530,565,178),(2531,2278,178),(2532,2279,178),(2533,2280,178),(2534,2281,178),(2535,2282,178),(2536,2283,178),(2537,2284,178),(2538,159,178),(2539,2285,178),(2540,2286,178),(2541,1169,179),(2542,1170,179),(2543,582,179),(2544,513,179),(2545,2189,179),(2546,2287,179),(2547,2288,179),(2548,2289,179),(2549,2290,179),(2550,2291,179),(2551,2292,179),(2552,2293,179),(2553,2294,179),(2554,1182,179),(2555,2295,179),(2556,1043,180),(2557,2296,180),(2558,2297,180),(2559,2298,180),(2560,2299,180),(2561,1624,180),(2562,2300,180),(2563,2301,180),(2564,2302,180),(2565,2303,180),(2566,2304,180),(2567,2305,180),(2568,2306,180),(2569,2307,180),(2570,2308,180),(2571,2309,181),(2572,2310,181),(2573,2311,181),(2574,2242,181),(2575,2312,181),(2576,2313,181),(2577,2314,181),(2578,2315,181),(2579,2316,181),(2580,2317,181),(2581,2318,181),(2582,2319,181),(2583,2320,181),(2584,2321,181),(2585,2322,181),(2586,331,182),(2587,2323,182),(2588,2324,182),(2589,2325,182),(2590,2326,182),(2591,2327,182),(2592,2328,182),(2593,2329,182),(2594,2330,182),(2595,2331,182),(2596,2332,182),(2597,260,182),(2598,2333,182),(2599,2334,182),(2600,2335,182),(2601,789,183),(2602,2336,183),(2603,2337,183),(2604,2338,183),(2605,2339,183),(2606,419,183),(2607,2340,183),(2608,2341,183),(2609,2342,183),(2610,1054,183),(2611,2343,183),(2612,2344,183),(2613,2345,183),(2614,2346,183),(2615,2347,183),(2616,2348,184),(2617,651,184),(2618,1601,184),(2619,980,184),(2620,2349,184),(2621,2350,184),(2622,2351,184),(2623,1809,184),(2624,2352,184),(2625,2353,184),(2626,2354,184),(2627,2355,184),(2628,2356,184),(2629,2357,184),(2630,2358,184),(2631,459,185),(2632,2236,185),(2633,2359,185),(2634,1146,185),(2635,1692,185),(2636,1183,185),(2637,1007,185),(2638,109,185),(2639,2360,185),(2640,2239,185),(2641,2361,185),(2642,2362,185),(2643,2241,185),(2644,2363,185),(2645,112,185),(2646,2188,186),(2647,2364,186),(2648,2365,186),(2649,1818,186),(2650,2366,186),(2651,2367,186),(2652,2368,186),(2653,2369,186),(2654,2370,186),(2655,2371,186),(2656,2372,187),(2657,554,187),(2658,2373,187),(2659,2374,187),(2660,2375,187),(2661,2376,187),(2662,2377,187),(2663,2378,187),(2664,2379,187),(2665,2380,187),(2666,2381,187),(2667,2382,187),(2668,2383,187),(2669,564,187),(2670,2384,187),(2671,2385,188),(2672,2386,188),(2673,2387,188),(2674,2388,188),(2675,2389,188),(2676,2390,188),(2677,1386,188),(2678,2391,188),(2679,2392,188),(2680,1509,188),(2681,2393,188),(2682,2394,188),(2683,2395,188),(2684,2396,188),(2685,2397,188),(2686,2398,189),(2687,2399,189),(2688,1576,189),(2689,2400,189),(2690,2401,189),(2691,2402,189),(2692,506,189),(2693,2403,189),(2694,2404,189),(2695,2405,189),(2696,2406,189),(2697,2407,189),(2698,2408,189),(2699,2409,189),(2700,2410,189),(2701,2411,190),(2702,2412,190),(2703,2413,190),(2704,1461,190),(2705,2414,190),(2706,2415,190),(2707,2416,190),(2708,2417,190),(2709,2418,190),(2710,2419,190),(2711,2420,190),(2712,2421,190),(2713,2422,190),(2714,2423,190),(2715,2424,190),(2716,2425,191),(2717,2426,191),(2718,2427,191),(2719,2428,191),(2720,2429,191),(2721,2430,191),(2722,2431,191),(2723,1129,191),(2724,2432,191),(2725,2433,191),(2726,2434,191),(2727,2435,191),(2728,2436,191),(2729,2437,191),(2730,2438,191),(2731,1047,192),(2732,2439,192),(2733,1306,192),(2734,2440,192),(2735,694,192),(2736,2441,192),(2737,2442,192),(2738,2443,192),(2739,2444,192),(2740,2445,192),(2741,2446,192),(2742,2447,192),(2743,52,192),(2744,2448,192),(2745,2449,192),(2746,1213,193),(2747,2450,193),(2748,2451,193),(2749,2452,193),(2750,2147,193),(2751,2453,193),(2752,2454,193),(2753,2455,193),(2754,2456,193),(2755,2457,193),(2756,2458,193),(2757,2459,193),(2758,2460,193),(2759,2461,193),(2760,2462,193),(2761,347,194),(2762,265,194),(2763,1736,194),(2764,2463,194),(2765,1742,194),(2766,1743,194),(2767,2464,194),(2768,2465,194),(2769,698,194),(2770,154,194),(2771,2466,194),(2772,651,194),(2773,2303,194),(2774,2467,194),(2775,1273,194),(2776,2468,195),(2777,1590,195),(2778,2469,195),(2779,2470,195),(2780,1448,195),(2781,92,195),(2782,2471,195),(2783,2472,195),(2784,606,195),(2785,2473,195),(2786,2474,195),(2787,2475,195),(2788,2476,195),(2789,1808,196),(2790,2477,196),(2791,2478,196),(2792,2479,196),(2793,1173,196),(2794,2480,196),(2795,2481,196),(2796,2482,196),(2797,1215,196),(2798,2483,197),(2799,2484,197),(2800,2485,197),(2801,2486,197),(2802,599,197),(2803,2487,197),(2804,2488,197),(2805,2489,197),(2806,2490,197),(2807,2491,197),(2808,2492,197),(2809,2493,197),(2810,2494,197),(2811,2495,197),(2812,1599,197),(2813,2496,198),(2814,2497,198),(2815,2498,198),(2816,2499,198),(2817,2500,198),(2818,2501,198),(2819,2502,198),(2820,2503,198),(2821,2504,198),(2822,2505,198),(2823,2506,198),(2824,2507,198),(2825,2508,198),(2826,2509,198),(2827,2510,198),(2828,1965,199),(2829,2511,199),(2830,2512,199),(2831,2513,199),(2832,686,199),(2833,2514,199),(2834,2515,199),(2835,2516,199),(2836,2517,199),(2837,2518,199),(2838,2370,199),(2839,2519,199),(2840,2520,199),(2841,2521,199),(2842,327,199),(2843,1509,200),(2844,1691,200),(2845,2522,200),(2846,1690,200),(2847,751,200),(2848,2523,200),(2849,2524,200),(2850,2525,200),(2851,2526,200),(2852,2527,200),(2853,2528,200),(2854,2529,200),(2855,2530,200),(2856,2531,200),(2857,2532,200),(2858,1195,201),(2859,2533,201),(2860,1987,201),(2861,2534,201),(2862,2535,201),(2863,354,201),(2864,2536,201),(2865,2537,201),(2866,1239,201),(2867,353,201),(2868,2538,201),(2869,2539,201),(2870,2540,201),(2871,2541,201),(2872,2542,201),(2873,2543,202),(2874,2544,202),(2875,2545,202),(2876,2546,202),(2877,2547,202),(2878,2548,202),(2879,2549,202),(2880,2550,202),(2881,2551,202),(2882,2552,202),(2883,2553,202),(2884,2554,202),(2885,2555,202),(2886,2556,202),(2887,2557,202),(2888,111,203),(2889,2558,203),(2890,706,203),(2891,2559,203),(2892,709,203),(2893,717,203),(2894,2560,203),(2895,2561,203),(2896,2562,203),(2897,7,203),(2898,2563,203),(2899,2564,203),(2900,2565,203),(2901,2566,203),(2902,2567,203),(2903,2202,204),(2904,2568,204),(2905,2569,204),(2906,2570,204),(2907,2571,204),(2908,2572,204),(2909,2573,204),(2910,408,204),(2911,2574,204),(2912,2575,204),(2913,1255,204),(2914,2576,204),(2915,2577,204),(2916,2578,204),(2917,2579,204),(2918,134,205),(2919,2081,205),(2920,876,205),(2921,2580,205),(2922,2581,205),(2923,2582,205),(2924,2,205),(2925,135,205),(2926,2309,205),(2927,2583,205),(2928,2584,205),(2929,2585,205),(2930,2586,205),(2931,2587,205),(2932,2588,205),(2933,2589,206),(2934,1403,206),(2935,2559,206),(2936,2590,206),(2937,2591,206),(2938,2592,206),(2939,2593,206),(2940,2594,206),(2941,2595,206),(2942,2596,206),(2943,2597,206),(2944,2598,206),(2945,2599,206),(2946,2600,206),(2947,2601,206),(2948,1574,207),(2949,2602,207),(2950,2603,207),(2951,2604,207),(2952,2013,207),(2953,374,207),(2954,395,207),(2955,2605,207),(2956,2606,207),(2957,2607,207),(2958,2608,207),(2959,2609,207),(2960,2610,207),(2961,631,207),(2962,2611,207),(2963,2612,208),(2964,2613,208),(2965,2614,208),(2966,2615,208),(2967,2616,208),(2968,2617,208),(2969,2618,208),(2970,2619,208),(2971,2620,208),(2972,1110,208),(2973,2621,208),(2974,2622,208),(2975,1105,208),(2976,2623,208),(2977,2624,208),(2978,46,209),(2979,472,209),(2980,16,209),(2981,2625,209),(2982,259,209),(2983,2626,209),(2984,2627,209),(2985,2628,209),(2986,2629,209),(2987,2630,209),(2988,2631,209),(2989,2632,209),(2990,7,209),(2991,2633,209),(2992,2634,209),(2993,1045,210),(2994,2635,210),(2995,2636,210),(2996,2637,210),(2997,2638,210),(2998,2639,210),(2999,2640,210),(3000,2641,210),(3001,2642,210),(3002,2643,210),(3003,2644,210),(3004,2645,210),(3005,2646,210),(3006,2647,210),(3007,2648,210),(3008,705,211),(3009,707,211),(3010,2649,211),(3011,2650,211),(3012,712,211),(3013,2651,211),(3014,2652,211),(3015,2653,211),(3016,2654,211),(3017,2561,211),(3018,2655,211),(3019,2656,211),(3020,2657,211),(3021,2658,211),(3022,2659,211),(3023,459,212),(3024,2660,212),(3025,630,212),(3026,701,212),(3027,2203,212),(3028,2661,212),(3029,2662,212),(3030,2663,212),(3031,2664,212),(3032,2665,212),(3033,9,212),(3034,1091,212),(3035,194,212),(3036,2666,212),(3037,2667,212),(3038,89,213),(3039,96,213),(3040,1793,213),(3041,2668,213),(3042,101,213),(3043,103,213),(3044,2669,213),(3045,2670,213),(3046,2671,213),(3047,2672,213),(3048,2673,213),(3049,2674,213),(3050,2675,213),(3051,2676,213),(3052,2677,213),(3053,1808,214),(3054,320,214),(3055,2678,214),(3056,2102,214),(3057,2679,214),(3058,2680,214),(3059,2681,214),(3060,2682,214),(3061,2683,214),(3062,2684,214),(3063,2685,214),(3064,2686,214),(3065,2687,214),(3066,2688,214),(3067,2689,215),(3068,2690,215),(3069,2691,215),(3070,2670,215),(3071,103,215),(3072,89,215),(3073,2692,216),(3074,2693,216),(3075,2694,216),(3076,2695,216),(3077,2696,216),(3078,2431,216),(3079,2697,216),(3080,2698,216),(3081,2699,216),(3082,2700,216),(3083,2701,216),(3084,2702,216),(3085,2703,216),(3086,2704,216),(3087,2705,216),(3088,265,217),(3089,2706,217),(3090,2707,217),(3091,2708,217),(3092,2169,217),(3093,2167,217),(3094,2709,217),(3095,2710,217),(3096,2711,217),(3097,2712,217),(3098,2713,217),(3099,2714,217),(3100,2715,217),(3101,2716,217),(3102,2717,217),(3103,1211,218),(3104,2718,218),(3105,2719,218),(3106,1809,218),(3107,2720,218),(3108,1216,218),(3109,1213,218),(3110,2721,218),(3111,823,218),(3112,2722,218),(3113,2723,218),(3114,932,218),(3115,2724,218),(3116,2725,218),(3117,2726,219),(3118,2727,219),(3119,2728,219),(3120,967,219),(3121,2729,219),(3122,2730,219),(3123,2731,219),(3124,2732,219),(3125,600,219),(3126,2733,219),(3127,2734,219),(3128,2735,219),(3129,974,219),(3130,2398,220),(3131,1616,220),(3132,2736,220),(3133,2737,220),(3134,2738,220),(3135,2739,220),(3136,2740,220),(3137,2741,220),(3138,2742,220),(3139,2581,220),(3140,2743,220),(3141,2570,220),(3142,2744,220),(3143,135,220),(3144,2745,220),(3145,459,221),(3146,1877,221),(3147,2746,221),(3148,2665,221),(3149,1578,221),(3150,390,221),(3151,2747,221),(3152,2748,221),(3153,472,221),(3154,2749,221),(3155,2750,221),(3156,2246,221),(3157,2751,221),(3158,2752,221),(3159,2753,221),(3160,1049,222),(3161,2649,222),(3162,2754,222),(3163,2755,222),(3164,2756,222),(3165,2757,222),(3166,2758,222),(3167,2759,222),(3168,2760,222),(3169,2761,222),(3170,2762,222),(3171,2763,222),(3172,2764,222),(3173,1236,222),(3174,2765,222),(3175,2766,223),(3176,2767,223),(3177,2768,223),(3178,2769,223),(3179,2770,223),(3180,1706,223),(3181,1707,223),(3182,2771,223),(3183,1709,223),(3184,2772,223),(3185,2773,223),(3186,2774,223),(3187,2775,223),(3188,2776,223),(3189,2777,223),(3190,819,224),(3191,926,224),(3192,2778,224),(3193,1941,224),(3194,2779,224),(3195,2780,224),(3196,2781,224),(3197,2782,224),(3198,151,224),(3199,2783,224),(3200,2784,224),(3201,2785,225),(3202,2786,225),(3203,2787,225),(3204,2788,225),(3205,2789,225),(3206,2790,225),(3207,2791,225),(3208,2792,225),(3209,2793,225),(3210,2794,225),(3211,2795,225),(3212,2796,225),(3213,2797,225),(3214,2798,225),(3215,2799,225),(3216,2800,226),(3217,2081,226),(3218,1560,226),(3219,2525,226),(3220,2801,226),(3221,2802,226),(3222,2803,226),(3223,2804,226),(3224,2805,226),(3225,2806,226),(3226,2807,226),(3227,2808,226),(3228,2809,226),(3229,2810,226),(3230,2811,226),(3231,2812,227),(3232,2813,227),(3233,398,227),(3234,1694,227),(3235,2202,227),(3236,2814,227),(3237,2815,227),(3238,2816,227),(3239,2817,227),(3240,2818,227),(3241,2819,227),(3242,2820,227),(3243,2821,227),(3244,2822,227),(3245,2823,227),(3246,1808,228),(3247,2824,228),(3248,2825,228),(3249,317,228),(3250,2826,228),(3251,1813,228),(3252,2827,228),(3253,1217,228),(3254,2828,228),(3255,177,228),(3256,2829,228),(3257,2830,228),(3258,2831,228),(3259,2732,228),(3260,2832,228),(3261,2395,229),(3262,2833,229),(3263,2834,229),(3264,2835,229),(3265,269,229),(3266,2836,229),(3267,2837,229),(3268,2838,229),(3269,2839,229),(3270,2840,229),(3271,1641,229),(3272,2841,229),(3273,2842,229),(3274,2843,229),(3275,2844,229),(3276,2,230),(3277,2845,230),(3278,2846,230),(3279,2217,230),(3280,426,230),(3281,2847,230),(3282,2848,230),(3283,2849,230),(3284,2850,230),(3285,2242,230),(3286,2851,230),(3287,2852,230),(3288,2853,230),(3289,2854,230),(3290,2855,230),(3291,2856,231),(3292,2857,231),(3293,2858,231),(3294,2859,231),(3295,2860,231),(3296,2861,231),(3297,2862,231),(3298,2863,231),(3299,2864,231),(3300,2865,231),(3301,2866,231),(3302,2867,231),(3303,2868,231),(3304,2869,231),(3305,2870,231),(3306,347,232),(3307,265,232),(3308,1736,232),(3309,2871,232),(3310,651,232),(3311,1742,232),(3312,2303,232),(3313,1743,232),(3314,2466,232),(3315,2872,232),(3316,2873,232),(3317,2874,232),(3318,2875,232),(3319,2876,232),(3320,2877,232),(3321,2878,233),(3322,263,233),(3323,231,233),(3324,1561,233),(3325,2879,233),(3326,232,233),(3327,2880,233),(3328,2881,233),(3329,2882,233),(3330,2883,233),(3331,2884,233),(3332,2885,233),(3333,2886,233),(3334,2887,233),(3335,2888,233),(3336,301,234),(3337,303,234),(3338,2889,234),(3339,2890,234),(3340,1825,234),(3341,2109,234),(3342,1829,234),(3343,306,234),(3344,2891,234),(3345,2892,234),(3346,1823,234),(3347,2893,234),(3348,2894,234),(3349,309,234),(3350,1681,234),(3351,2895,235),(3352,2896,235),(3353,2897,235),(3354,2898,235),(3355,19,235),(3356,2899,235),(3357,2205,235),(3358,2900,235),(3359,2901,235),(3360,2902,235),(3361,2903,235),(3362,2904,235),(3363,2905,235),(3364,2906,235),(3365,2907,235),(3366,1509,236),(3367,2908,236),(3368,1690,236),(3369,2909,236),(3370,2910,236),(3371,2911,236),(3372,2912,236),(3373,2913,236),(3374,1697,236),(3375,2914,236),(3376,2915,236),(3377,2916,236),(3378,2917,236),(3379,2918,236),(3380,1982,236),(3381,2919,237),(3382,2920,237),(3383,2921,237),(3384,2922,237),(3385,2923,237),(3386,446,237),(3387,2924,237),(3388,2925,237),(3389,2926,237),(3390,2927,237),(3391,383,237),(3392,2928,237),(3393,2929,237),(3394,2930,237),(3395,2931,237),(3396,46,238),(3397,2580,238),(3398,2932,238),(3399,876,238),(3400,2083,238),(3401,2933,238),(3402,2082,238),(3403,1238,238),(3404,2582,238),(3405,2815,238),(3406,135,238),(3407,888,238),(3408,2934,238),(3409,2935,238),(3410,2936,238),(3411,459,239),(3412,2937,239),(3413,2938,239),(3414,2939,239),(3415,2940,239),(3416,2941,239),(3417,2942,239),(3418,2943,239),(3419,2944,239),(3420,2945,239),(3421,2946,239),(3422,2947,239),(3423,2948,239),(3424,2949,239),(3425,2950,239),(3426,347,240),(3427,265,240),(3428,1736,240),(3429,2463,240),(3430,1742,240),(3431,2466,240),(3432,1743,240),(3433,2303,240),(3434,698,240),(3435,651,240),(3436,2951,240),(3437,2952,240),(3438,2874,240),(3439,2953,240),(3440,2954,240),(3441,2955,241),(3442,2956,241),(3443,2920,241),(3444,2922,241),(3445,476,241),(3446,2923,241),(3447,446,241),(3448,2924,241),(3449,2957,241),(3450,2958,241),(3451,2959,241),(3452,2960,241),(3453,196,241),(3454,2931,241),(3455,2961,241),(3456,2962,242),(3457,358,242),(3458,328,242),(3459,2963,242),(3460,2179,242),(3461,2964,242),(3462,2965,242),(3463,2966,242),(3464,2967,242),(3465,2968,242),(3466,2969,242),(3467,2970,242),(3468,368,242),(3469,2971,242),(3470,2972,242),(3471,2439,243),(3472,2973,243),(3473,2974,243),(3474,2975,243),(3475,48,243),(3476,2976,243),(3477,2977,243),(3478,2978,243),(3479,721,243),(3480,2979,243),(3481,2980,243),(3482,2981,243),(3483,2982,243),(3484,2983,243),(3485,1301,243),(3486,1049,244),(3487,2217,244),(3488,2984,244),(3489,2985,244),(3490,2986,244),(3491,2987,244),(3492,2988,244),(3493,2989,244),(3494,373,244),(3495,2990,244),(3496,2991,244),(3497,2992,244),(3498,2993,244),(3499,2994,244),(3500,2995,244),(3501,2956,245),(3502,2996,245),(3503,2920,245),(3504,2887,245),(3505,2921,245),(3506,476,245),(3507,2923,245),(3508,446,245),(3509,2924,245),(3510,2997,245),(3511,2998,245),(3512,2957,245),(3513,2999,245),(3514,3000,245),(3515,2928,245),(3516,2729,246),(3517,3001,246),(3518,1862,246),(3519,3002,246),(3520,3003,246),(3521,1599,246),(3522,3004,246),(3523,926,246),(3524,3005,246),(3525,3006,246),(3526,3007,246),(3527,3008,246),(3528,2079,247),(3529,862,247),(3530,663,247),(3531,3009,247),(3532,3010,247),(3533,3011,247),(3534,3012,247),(3535,3013,247),(3536,3014,247),(3537,3015,247),(3538,3016,247),(3539,3017,247),(3540,3018,247),(3541,3019,247),(3542,1368,247),(3543,510,248),(3544,260,248),(3545,941,248),(3546,1509,248),(3547,502,248),(3548,750,248),(3549,3020,248),(3550,3021,248),(3551,267,248),(3552,2526,248),(3553,3022,248),(3554,3023,248),(3555,3024,248),(3556,2911,248),(3557,3025,248),(3558,134,249),(3559,3026,249),(3560,3027,249),(3561,135,249),(3562,736,249),(3563,2081,249),(3564,2,249),(3565,3028,249),(3566,3029,249),(3567,2082,249),(3568,3030,249),(3569,3031,249),(3570,3032,249),(3571,3033,249),(3572,3034,249),(3573,258,250),(3574,510,250),(3575,3035,250),(3576,3036,250),(3577,260,250),(3578,150,250),(3579,3037,250),(3580,3038,250),(3581,3039,250),(3582,941,250),(3583,3040,250),(3584,750,250),(3585,3041,250),(3586,502,250),(3587,1871,250);
/*!40000 ALTER TABLE `serverapp_movieactor` ENABLE KEYS */;
UNLOCK TABLES;

--
-- Table structure for table `serverapp_moviegenre`
--

DROP TABLE IF EXISTS `serverapp_moviegenre`;
/*!40101 SET @saved_cs_client     = @@character_set_client */;
/*!40101 SET character_set_client = utf8 */;
CREATE TABLE `serverapp_moviegenre` (
  `id` int(11) NOT NULL AUTO_INCREMENT,
  `genre_id` int(11) NOT NULL,
  `movie_id` int(11) NOT NULL,
  PRIMARY KEY (`id`),
  KEY `serverapp_moviegenre_genre_id_117350aa_fk_serverapp_genre_id` (`genre_id`),
  KEY `serverapp_moviegenre_movie_id_b526d4ad_fk_serverapp_movie_id` (`movie_id`),
  CONSTRAINT `serverapp_moviegenre_genre_id_117350aa_fk_serverapp_genre_id` FOREIGN KEY (`genre_id`) REFERENCES `serverapp_genre` (`id`),
  CONSTRAINT `serverapp_moviegenre_movie_id_b526d4ad_fk_serverapp_movie_id` FOREIGN KEY (`movie_id`) REFERENCES `serverapp_movie` (`id`)
) ENGINE=InnoDB AUTO_INCREMENT=616 DEFAULT CHARSET=utf8;
/*!40101 SET character_set_client = @saved_cs_client */;

--
-- Dumping data for table `serverapp_moviegenre`
--

LOCK TABLES `serverapp_moviegenre` WRITE;
/*!40000 ALTER TABLE `serverapp_moviegenre` DISABLE KEYS */;
INSERT INTO `serverapp_moviegenre` VALUES (1,1,1),(2,2,1),(3,2,2),(4,3,2),(5,4,3),(6,2,3),(7,5,3),(8,2,4),(9,6,4),(10,2,5),(11,7,5),(12,2,6),(13,8,7),(14,2,7),(15,5,7),(16,4,8),(17,9,8),(18,10,8),(19,2,9),(20,5,9),(21,2,10),(22,11,10),(23,12,10),(24,8,11),(25,2,12),(26,13,12),(27,4,13),(28,9,13),(29,2,13),(30,3,14),(31,12,14),(32,8,15),(33,2,15),(34,14,16),(35,1,16),(36,2,16),(37,11,17),(38,7,17),(39,9,18),(40,2,18),(41,15,18),(42,2,19),(43,5,19),(44,4,20),(45,10,20),(46,16,20),(47,2,21),(48,17,21),(49,2,22),(50,6,23),(51,8,24),(52,17,24),(53,4,25),(54,9,25),(55,10,25),(56,14,26),(57,2,26),(58,6,26),(59,18,27),(60,2,27),(61,19,27),(62,14,28),(63,9,28),(64,12,28),(65,2,29),(66,14,30),(67,9,30),(68,12,30),(69,2,31),(70,14,32),(71,9,32),(72,16,32),(73,18,33),(74,1,33),(75,2,33),(76,9,34),(77,2,34),(78,12,34),(79,18,35),(80,2,35),(81,7,35),(82,1,36),(83,2,36),(84,1,37),(85,2,37),(86,11,37),(87,2,38),(88,5,38),(89,14,39),(90,18,39),(91,2,39),(92,9,40),(93,2,40),(94,19,40),(95,1,41),(96,2,41),(97,9,42),(98,2,42),(99,3,42),(100,1,43),(101,13,43),(102,7,43),(103,1,44),(104,11,44),(105,7,44),(106,1,45),(107,7,45),(108,8,46),(109,16,46),(110,17,46),(111,8,47),(112,1,47),(113,9,48),(114,2,48),(115,16,48),(116,2,49),(117,17,49),(118,5,49),(119,4,50),(120,9,50),(121,8,50),(122,14,51),(123,12,51),(124,11,52),(125,12,52),(126,7,52),(127,2,53),(128,12,53),(129,7,53),(130,2,54),(131,20,54),(132,9,55),(133,10,55),(134,16,55),(135,14,56),(136,11,56),(137,7,56),(138,2,57),(139,1,58),(140,2,58),(141,11,58),(142,2,59),(143,16,59),(144,2,60),(145,17,60),(146,2,61),(147,3,61),(148,11,61),(149,18,62),(150,2,62),(151,19,62),(152,9,63),(153,2,63),(154,7,63),(155,9,64),(156,12,64),(157,7,64),(158,2,65),(159,11,65),(160,12,65),(161,4,66),(162,9,66),(163,16,66),(164,2,67),(165,8,68),(166,17,68),(167,2,69),(168,10,69),(169,1,70),(170,2,70),(171,13,70),(172,9,71),(173,2,71),(174,19,71),(175,8,72),(176,2,72),(177,7,72),(178,9,73),(179,8,73),(180,10,73),(181,2,74),(182,7,74),(183,2,75),(184,20,75),(185,9,76),(186,8,76),(187,2,76),(188,18,77),(189,2,77),(190,19,77),(191,2,78),(192,3,78),(193,7,78),(194,18,79),(195,2,79),(196,19,79),(197,11,80),(198,7,80),(199,9,81),(200,2,81),(201,14,82),(202,9,82),(203,8,82),(204,1,83),(205,2,83),(206,2,84),(207,9,85),(208,2,85),(209,7,85),(210,18,86),(211,1,86),(212,2,86),(213,18,87),(214,2,87),(215,19,87),(216,14,88),(217,9,88),(218,12,88),(219,1,89),(220,2,89),(221,13,89),(222,2,90),(223,19,90),(224,5,90),(225,2,91),(226,5,91),(227,2,92),(228,8,93),(229,8,94),(230,17,94),(231,14,95),(232,18,95),(233,2,95),(234,14,96),(235,9,97),(236,18,97),(237,2,97),(238,4,98),(239,8,98),(240,2,98),(241,1,99),(242,2,99),(243,11,99),(244,3,100),(245,12,100),(246,1,101),(247,2,101),(248,7,101),(249,4,102),(250,9,102),(251,8,102),(252,4,103),(253,14,103),(254,9,103),(255,2,104),(256,11,104),(257,7,104),(258,4,105),(259,9,105),(260,10,105),(261,2,106),(262,19,106),(263,17,106),(264,1,107),(265,13,107),(266,7,107),(267,2,108),(268,1,109),(269,2,109),(270,7,109),(271,2,110),(272,2,111),(273,13,111),(274,3,111),(275,2,112),(276,5,112),(277,8,113),(278,1,113),(279,2,114),(280,11,114),(281,5,114),(282,2,115),(283,14,116),(284,2,116),(285,7,116),(286,18,117),(287,2,117),(288,2,118),(289,5,118),(290,9,119),(291,18,119),(292,2,119),(293,18,120),(294,8,120),(295,1,120),(296,2,121),(297,20,121),(298,18,122),(299,2,122),(300,2,123),(301,17,123),(302,14,124),(303,9,124),(304,8,124),(305,2,125),(306,18,126),(307,1,126),(308,2,126),(309,4,127),(310,9,127),(311,10,127),(312,2,128),(313,17,128),(314,2,129),(315,16,129),(316,14,130),(317,9,130),(318,16,130),(319,2,131),(320,11,131),(321,7,131),(322,8,132),(323,1,132),(324,12,133),(325,7,133),(326,14,134),(327,9,134),(328,12,134),(329,9,135),(330,8,135),(331,2,135),(332,9,136),(333,2,136),(334,5,136),(335,8,137),(336,2,137),(337,2,138),(338,14,139),(339,2,139),(340,4,140),(341,10,140),(342,16,140),(343,1,141),(344,2,141),(345,17,141),(346,14,142),(347,1,142),(348,2,142),(349,2,143),(350,2,144),(351,16,144),(352,5,144),(353,2,145),(354,11,145),(355,7,145),(356,14,146),(357,7,146),(358,9,147),(359,2,147),(360,19,147),(361,4,148),(362,9,148),(363,8,148),(364,13,149),(365,11,149),(366,7,149),(367,18,150),(368,2,150),(369,20,150),(370,2,151),(371,18,152),(372,2,152),(373,19,152),(374,2,153),(375,6,153),(376,4,154),(377,9,154),(378,8,154),(379,8,155),(380,1,155),(381,17,155),(382,8,156),(383,2,156),(384,2,157),(385,14,158),(386,9,158),(387,9,159),(388,2,159),(389,2,160),(390,2,161),(391,2,162),(392,10,162),(393,1,163),(394,2,163),(395,2,164),(396,12,164),(397,2,165),(398,11,165),(399,14,166),(400,9,166),(401,16,166),(402,6,167),(403,8,168),(404,2,168),(405,17,168),(406,1,169),(407,2,169),(408,1,170),(409,2,170),(410,11,170),(411,8,171),(412,2,171),(413,10,171),(414,9,172),(415,2,172),(416,5,172),(417,9,173),(418,8,173),(419,16,173),(420,4,174),(421,9,174),(422,8,174),(423,8,175),(424,1,175),(425,2,176),(426,8,177),(427,15,177),(428,17,177),(429,9,178),(430,11,178),(431,12,178),(432,8,179),(433,1,179),(434,2,179),(435,18,180),(436,2,180),(437,19,180),(438,2,181),(439,5,181),(440,1,182),(441,2,182),(442,2,183),(443,17,183),(444,12,183),(445,9,184),(446,18,184),(447,2,184),(448,4,185),(449,9,185),(450,8,185),(451,1,186),(452,2,186),(453,13,186),(454,1,187),(455,2,187),(456,12,187),(457,1,188),(458,2,188),(459,2,189),(460,18,190),(461,2,190),(462,19,190),(463,8,191),(464,17,191),(465,1,192),(466,2,192),(467,7,192),(468,1,193),(469,2,193),(470,11,193),(471,14,194),(472,9,194),(473,16,194),(474,1,195),(475,2,195),(476,11,195),(477,11,196),(478,17,196),(479,7,196),(480,14,197),(481,9,197),(482,1,197),(483,9,198),(484,2,198),(485,7,198),(486,2,199),(487,11,199),(488,1,200),(489,2,200),(490,4,201),(491,9,201),(492,16,201),(493,2,202),(494,11,202),(495,7,202),(496,14,203),(497,9,203),(498,12,203),(499,2,204),(500,14,205),(501,9,205),(502,12,205),(503,2,206),(504,21,206),(505,14,207),(506,2,207),(507,9,208),(508,8,208),(509,12,208),(510,1,209),(511,2,209),(512,7,209),(513,18,210),(514,2,210),(515,5,210),(516,14,211),(517,12,211),(518,1,212),(519,2,212),(520,16,212),(521,8,213),(522,2,213),(523,11,214),(524,7,214),(525,8,215),(526,2,215),(527,17,215),(528,18,216),(529,8,216),(530,2,216),(531,14,217),(532,9,217),(533,2,218),(534,17,218),(535,5,218),(536,3,219),(537,11,219),(538,7,219),(539,9,220),(540,2,220),(541,12,220),(542,14,221),(543,2,221),(544,5,221),(545,1,222),(546,2,222),(547,4,223),(548,9,223),(549,10,223),(550,6,224),(551,8,225),(552,2,225),(553,17,225),(554,1,226),(555,2,226),(556,7,226),(557,1,227),(558,2,227),(559,11,227),(560,2,228),(561,10,228),(562,16,228),(563,1,229),(564,2,229),(565,3,229),(566,1,230),(567,2,230),(568,11,230),(569,1,231),(570,2,231),(571,14,232),(572,9,232),(573,16,232),(574,14,233),(575,12,233),(576,14,234),(577,9,234),(578,2,234),(579,2,235),(580,18,236),(581,1,236),(582,2,236),(583,14,237),(584,9,237),(585,2,237),(586,14,238),(587,9,238),(588,1,238),(589,2,239),(590,17,239),(591,14,240),(592,9,240),(593,16,240),(594,9,241),(595,2,241),(596,16,241),(597,6,242),(598,1,243),(599,2,243),(600,2,244),(601,9,245),(602,2,245),(603,16,245),(604,1,246),(605,2,246),(606,18,247),(607,2,247),(608,19,247),(609,1,248),(610,2,248),(611,14,249),(612,9,249),(613,1,249),(614,1,250),(615,2,250);
/*!40000 ALTER TABLE `serverapp_moviegenre` ENABLE KEYS */;
UNLOCK TABLES;

--
-- Table structure for table `serverapp_moviewriter`
--

DROP TABLE IF EXISTS `serverapp_moviewriter`;
/*!40101 SET @saved_cs_client     = @@character_set_client */;
/*!40101 SET character_set_client = utf8 */;
CREATE TABLE `serverapp_moviewriter` (
  `id` int(11) NOT NULL AUTO_INCREMENT,
  `movie_id` int(11) NOT NULL,
  `writer_id` int(11) NOT NULL,
  PRIMARY KEY (`id`),
  KEY `serverapp_moviewriter_movie_id_f310f007_fk_serverapp_movie_id` (`movie_id`),
  KEY `serverapp_moviewriter_226b640d` (`writer_id`),
  CONSTRAINT `serverapp_moviewriter_movie_id_f310f007_fk_serverapp_movie_id` FOREIGN KEY (`movie_id`) REFERENCES `serverapp_movie` (`id`),
  CONSTRAINT `serverapp_moviewriter_writer_id_c7fbfdba_fk_serverapp_writer_id` FOREIGN KEY (`writer_id`) REFERENCES `serverapp_writer` (`id`)
) ENGINE=InnoDB AUTO_INCREMENT=423 DEFAULT CHARSET=utf8;
/*!40101 SET character_set_client = @saved_cs_client */;

--
-- Dumping data for table `serverapp_moviewriter`
--

LOCK TABLES `serverapp_moviewriter` WRITE;
/*!40000 ALTER TABLE `serverapp_moviewriter` DISABLE KEYS */;
INSERT INTO `serverapp_moviewriter` VALUES (1,1,1),(2,1,2),(3,2,1),(4,2,3),(5,3,4),(6,3,5),(7,4,6),(8,5,7),(9,6,8),(10,7,9),(11,8,10),(12,8,11),(13,9,3),(14,9,12),(15,10,13),(16,10,14),(17,11,3),(18,11,15),(19,12,16),(20,12,17),(21,13,18),(22,13,19),(23,14,20),(24,14,21),(25,15,22),(26,15,23),(27,16,24),(28,16,25),(29,17,14),(30,17,13),(31,18,26),(32,19,27),(33,19,28),(34,20,29),(35,20,30),(36,21,31),(37,22,32),(38,22,33),(39,23,34),(40,23,35),(41,24,36),(42,24,37),(43,25,38),(44,26,39),(45,26,40),(46,27,41),(47,28,42),(48,28,43),(49,29,44),(50,29,45),(51,30,46),(52,30,47),(53,31,48),(54,32,49),(55,32,50),(56,33,51),(57,33,52),(58,34,53),(59,34,54),(60,35,55),(61,35,56),(62,36,57),(63,36,58),(64,37,59),(65,38,60),(66,39,61),(67,39,62),(68,40,3),(69,40,63),(70,41,64),(71,42,65),(72,42,66),(73,43,67),(74,43,68),(75,44,69),(76,44,70),(77,45,71),(78,46,72),(79,46,73),(80,47,74),(81,47,75),(82,48,76),(83,48,77),(84,49,78),(85,49,79),(86,50,11),(87,50,80),(88,51,81),(89,51,82),(90,52,83),(91,52,84),(92,53,85),(93,54,86),(94,55,87),(95,55,88),(96,56,89),(97,56,90),(98,57,91),(99,58,92),(100,58,93),(101,59,22),(102,59,23),(103,60,94),(104,60,95),(105,61,96),(106,61,97),(107,62,98),(108,63,99),(109,63,100),(110,64,101),(111,65,102),(112,65,103),(113,66,38),(114,67,104),(115,67,105),(116,68,106),(117,68,107),(118,69,108),(119,69,109),(120,70,110),(121,70,111),(122,71,112),(123,71,113),(124,72,114),(125,73,115),(126,74,116),(127,75,117),(128,75,118),(129,76,119),(130,76,120),(131,77,121),(132,77,122),(133,78,48),(134,79,123),(135,79,124),(136,80,125),(137,80,126),(138,81,1),(139,81,127),(140,82,128),(141,82,129),(142,83,130),(143,83,131),(144,84,132),(145,85,133),(146,85,134),(147,86,115),(148,87,135),(149,87,136),(150,88,137),(151,88,138),(152,89,139),(153,89,140),(154,90,141),(155,90,124),(156,91,142),(157,92,143),(158,92,144),(159,93,145),(160,93,146),(161,94,147),(162,94,148),(163,95,149),(164,96,6),(165,97,150),(166,97,151),(167,98,152),(168,99,153),(169,100,154),(170,100,155),(171,101,156),(172,101,157),(173,102,10),(174,103,158),(175,103,159),(176,104,160),(177,105,161),(178,105,162),(179,106,163),(180,106,164),(181,107,165),(182,108,166),(183,108,167),(184,109,157),(185,109,156),(186,110,168),(187,110,57),(188,111,169),(189,111,78),(190,112,170),(191,112,171),(192,113,157),(193,113,156),(194,114,172),(195,114,173),(196,115,174),(197,115,175),(198,116,176),(199,116,177),(200,117,178),(201,117,179),(202,118,180),(203,119,181),(204,119,182),(205,120,183),(206,120,184),(207,121,185),(208,121,186),(209,122,187),(210,122,188),(211,123,48),(212,124,189),(213,124,190),(214,125,191),(215,125,192),(216,126,193),(217,127,38),(218,127,194),(219,128,195),(220,128,196),(221,129,48),(222,130,197),(223,130,198),(224,131,199),(225,131,200),(226,132,201),(227,133,202),(228,133,84),(229,134,203),(230,134,204),(231,135,9),(232,136,205),(233,136,34),(234,137,206),(235,137,207),(236,138,208),(237,138,33),(238,139,208),(239,139,32),(240,140,38),(241,141,209),(242,142,210),(243,143,211),(244,144,212),(245,145,213),(246,146,214),(247,146,215),(248,147,216),(249,147,217),(250,148,11),(251,148,218),(252,149,219),(253,150,220),(254,150,221),(255,151,222),(256,151,223),(257,152,224),(258,152,225),(259,153,84),(260,154,11),(261,154,226),(262,155,17),(263,155,227),(264,156,228),(265,156,229),(266,157,230),(267,157,231),(268,158,232),(269,158,233),(270,159,139),(271,159,234),(272,160,235),(273,161,208),(274,162,236),(275,163,142),(276,164,237),(277,165,238),(278,166,239),(279,166,240),(280,167,241),(281,167,242),(282,168,17),(283,168,227),(284,169,243),(285,169,208),(286,170,244),(287,170,245),(288,171,9),(289,172,6),(290,173,145),(291,173,146),(292,174,246),(293,174,11),(294,175,201),(295,176,247),(296,176,248),(297,177,249),(298,177,250),(299,178,3),(300,178,251),(301,179,252),(302,180,253),(303,181,254),(304,181,3),(305,182,255),(306,182,256),(307,183,257),(308,183,258),(309,184,259),(310,184,260),(311,185,246),(312,185,10),(313,186,17),(314,186,67),(315,187,3),(316,187,261),(317,188,262),(318,189,263),(319,190,264),(320,191,265),(321,191,266),(322,192,6),(323,192,267),(324,193,237),(325,193,268),(326,194,197),(327,194,240),(328,195,269),(329,195,17),(330,196,270),(331,196,271),(332,197,272),(333,198,273),(334,198,274),(335,199,275),(336,199,110),(337,200,276),(338,200,277),(339,201,38),(340,202,278),(341,202,279),(342,203,81),(343,203,280),(344,204,281),(345,205,13),(346,205,14),(347,206,282),(348,207,283),(349,208,284),(350,208,285),(351,209,286),(352,209,69),(353,210,287),(354,210,288),(355,211,81),(356,211,289),(357,212,1),(358,212,2),(359,213,9),(360,214,290),(361,214,291),(362,215,9),(363,216,292),(364,216,293),(365,217,197),(366,217,240),(367,218,294),(368,218,295),(369,219,296),(370,219,297),(371,220,13),(372,220,14),(373,221,298),(374,222,299),(375,223,38),(376,224,300),(377,224,241),(378,225,301),(379,225,302),(380,226,303),(381,227,304),(382,228,305),(383,228,306),(384,229,307),(385,229,308),(386,230,309),(387,231,310),(388,231,311),(389,232,240),(390,233,176),(391,233,177),(392,234,208),(393,234,33),(394,235,312),(395,235,313),(396,236,193),(397,237,314),(398,237,315),(399,238,14),(400,239,316),(401,239,317),(402,240,318),(403,240,197),(404,241,314),(405,241,315),(406,242,319),(407,242,241),(408,243,6),(409,243,267),(410,244,320),(411,244,321),(412,245,314),(413,245,315),(414,246,322),(415,247,323),(416,247,324),(417,248,28),(418,248,325),(419,249,13),(420,249,14),(421,250,325),(422,250,28);
/*!40000 ALTER TABLE `serverapp_moviewriter` ENABLE KEYS */;
UNLOCK TABLES;

--
-- Table structure for table `serverapp_writer`
--

DROP TABLE IF EXISTS `serverapp_writer`;
/*!40101 SET @saved_cs_client     = @@character_set_client */;
/*!40101 SET character_set_client = utf8 */;
CREATE TABLE `serverapp_writer` (
  `id` int(11) NOT NULL AUTO_INCREMENT,
  `name` varchar(255) NOT NULL,
  PRIMARY KEY (`id`),
  UNIQUE KEY `name` (`name`)
) ENGINE=InnoDB AUTO_INCREMENT=326 DEFAULT CHARSET=utf8;
/*!40101 SET character_set_client = @saved_cs_client */;

--
-- Dumping data for table `serverapp_writer`
--

LOCK TABLES `serverapp_writer` WRITE;
/*!40000 ALTER TABLE `serverapp_writer` DISABLE KEYS */;
INSERT INTO `serverapp_writer` VALUES (59,'Aaron Guzikowski'),(180,'Abby Mann'),(229,'Abhijat Joshi'),(152,'Adam Elliot'),(249,'Adolph Green'),(39,'Adriano Bolzoni'),(269,'Agatha Christie'),(24,'Akhilesh Jaiswal'),(208,'Akira Kurosawa'),(178,'Akiva Goldsman'),(4,'Akiyuki Nosaka'),(281,'Alan Ball'),(69,'Alan Mak'),(306,'Albert Hackett'),(270,'Alec Coppel'),(100,'Alejandro G. Iñárritu'),(56,'Andrew Hodges'),(309,'Andrew Kevin Walker'),(91,'Andrew Niccol'),(10,'Andrew Stanton'),(54,'Andy Weir'),(261,'Anthony Burgess'),(186,'Anthony Tambakis'),(25,'Anurag Kashyap'),(102,'Arkadiy Strugatskiy'),(251,'Arthur C. Clarke'),(238,'Asghar Farhadi'),(26,'Ashutosh Gowariker'),(234,'B. Traven'),(223,'Ben Affleck'),(224,'Bernd Eichinger'),(250,'Betty Comden'),(154,'Bill Lancaster'),(17,'Billy Wilder'),(313,'Bo Goldman'),(285,'Bob Gale'),(232,'Bob Kane'),(226,'Bob Peterson'),(103,'Boris Strugatskiy'),(311,'Bráulio Mantovani'),(30,'Brenda Chapman'),(138,'Brendan McCarthy'),(245,'Brian Helgeland'),(209,'Budd Schulberg'),(189,'Buster Keaton'),(158,'Byron Howard'),(12,'Calder Willingham'),(34,'Carl Foreman'),(66,'Carl Gottlieb'),(195,'Carl Mayer'),(247,'Cesare Zavattini'),(16,'Charles Brackett'),(9,'Charles Chaplin'),(257,'Charlie Kaufman'),(83,'Chris Marker'),(187,'Christopher De Vore'),(203,'Christopher Markus'),(304,'Christopher McQuarrie'),(14,'Christopher Nolan'),(320,'Chuck Palahniuk'),(190,'Clyde Bruckman'),(291,'Cornell Woolrich'),(68,'Czenzi Ormonde'),(114,'Damián Szifrón'),(282,'Damien Chazelle'),(20,'Dan O\'Bannon'),(72,'Danny Rubin'),(169,'Daphne Du Maurier'),(140,'Dashiell Hammett'),(175,'Dave Johannson'),(283,'David Franzoni'),(280,'David Giler'),(299,'David McKenna'),(233,'David S. Goyer'),(252,'David S. Ward'),(41,'David Seidler'),(84,'David Webb Peoples'),(162,'Dean DeBlois'),(172,'Denis Villeneuve'),(126,'Dennis Lehane'),(171,'Deric Washburn'),(194,'Diana Wynne Jones'),(168,'Donn Pearce'),(53,'Drew Goddard'),(61,'Edmond Wong'),(199,'Eduardo Sacheri'),(211,'Emma Donoghue'),(23,'Ennio Flaiano'),(188,'Eric Bergren'),(317,'Eric Roth'),(293,'Eric Toledano'),(272,'Ernest Lehman'),(157,'Ethan Coen'),(118,'F.X. Toole'),(22,'Federico Fellini'),(70,'Felix Chong'),(88,'Florence Ryerson'),(7,'Florian Henckel von Donnersmarck'),(315,'Fran Walsh'),(305,'Frances Goodrich'),(28,'Francis Ford Coppola'),(60,'Franco Solinas'),(130,'François Truffaut'),(52,'Frank Abagnale Jr.'),(2,'Frank Darabont'),(71,'Frank Miller'),(57,'Frank Pierson'),(165,'Frederick Knott'),(268,'Fritz Lang'),(242,'Fulvio Morsella'),(82,'Gale Anne Hurd'),(278,'Garon Tsuchiya'),(185,'Gavin O\'Connor'),(240,'George Lucas'),(137,'George Miller'),(133,'Georges Arnaud'),(123,'Gerry Conlon'),(153,'Gillian Flynn'),(8,'Giuseppe Tornatore'),(145,'Graham Chapman'),(219,'Graham Greene'),(55,'Graham Moore'),(265,'Guillaume Laurant'),(116,'Guillermo Arriaga'),(212,'Guillermo del Toro'),(254,'Gustav Hasford'),(201,'Guy Ritchie'),(181,'H.A.L. Craig'),(202,'Hampton Fancher'),(73,'Harold Ramis'),(255,'Harper Lee'),(276,'Harry Grey'),(38,'Hayao Miyazaki'),(134,'Henri-Georges Clouzot'),(275,'Herman J. Mankiewicz'),(196,'Hermann Sudermann'),(32,'Hideo Oguni'),(256,'Horton Foote'),(263,'Hubert Selby Jr.'),(227,'I.A.L. Diamond'),(36,'Ian McLellan Hunter'),(48,'Ingmar Bergman'),(18,'Irene Mecchi'),(166,'Irvine Welsh'),(5,'Isao Takahata'),(198,'J.J. Abrams'),(77,'J.K. Rowling'),(314,'J.R.R. Tolkien'),(220,'Jake LaMotta'),(81,'James Cameron'),(217,'James Clavell'),(244,'James Ellroy'),(42,'James Gunn'),(159,'Jared Bush'),(266,'Jean-Pierre Jeunet'),(215,'Jeb Stuart'),(51,'Jeff Nathanson'),(239,'Jeffrey Boam'),(80,'Jill Culton'),(321,'Jim Uhls'),(225,'Joachim Fest'),(156,'Joel Coen'),(98,'John Briley'),(146,'John Cleese'),(37,'John Dighton'),(167,'John Hodge'),(139,'John Huston'),(246,'John Lasseter'),(290,'John Michael Hayes'),(27,'John Milius'),(121,'John Ridley'),(105,'John Steinbeck'),(155,'John W. Campbell Jr.'),(35,'John W. Cunningham'),(151,'Jon Krakauer'),(13,'Jonathan Nolan'),(19,'Jonathan Roberts'),(92,'Joon-ho Bong'),(184,'Jordan Belfort'),(221,'Joseph Carter'),(235,'Joseph L. Mankiewicz'),(296,'Joseph Stefano'),(135,'Josh Singer'),(46,'Joss Whedon'),(200,'Juan José Campanella'),(294,'Julius J. Epstein'),(109,'Kaneto Shindô'),(31,'Kar-Wai Wong'),(113,'Karl Tunberg'),(45,'Kathryn Stockett'),(141,'Keir Pearson'),(95,'Kim Krizan'),(191,'Kôgo Noda'),(93,'Kwang-rim Kim'),(125,'Laeta Kalogridis'),(177,'Lana Wachowski'),(312,'Lawrence Hauben'),(197,'Lawrence Kasdan'),(318,'Leigh Brackett'),(277,'Leonardo Benvenuti'),(112,'Lew Wallace'),(207,'Lewis R. Foster'),(176,'Lilly Wachowski'),(29,'Linda Woolverton'),(274,'Lothar G. Buchheim'),(303,'Luc Besson'),(319,'Luciano Vincenzoni'),(248,'Luigi Bartolini'),(160,'M. Night Shyamalan'),(79,'MacKinlay Kantor'),(236,'Majid Majidi'),(131,'Marcel Moussy'),(163,'Margaret Mitchell'),(325,'Mario Puzo'),(99,'Mark L. Smith'),(107,'Marshall Brickman'),(64,'Mathieu Kassovitz'),(222,'Matt Damon'),(170,'Michael Cimino'),(101,'Michael Crichton'),(210,'Michael Mann'),(258,'Michel Gondry'),(193,'Nicholas Pileggi'),(174,'Nick Schenk'),(43,'Nicole Perlman'),(279,'Nobuaki Minegishi'),(87,'Noel Langley'),(104,'Nunnally Johnson'),(142,'Oliver Stone'),(292,'Olivier Nakache'),(110,'Orson Welles'),(58,'P.F. Kluge'),(132,'Paddy Chayefsky'),(216,'Paul Brickhill'),(117,'Paul Haggis'),(262,'Paul Schrader'),(143,'Paul Thomas Anderson'),(129,'Paul Wernick'),(310,'Paulo Lins'),(11,'Pete Docter'),(65,'Peter Benchley'),(149,'Peter Morgan'),(253,'Peter Shaffer'),(295,'Philip G. Epstein'),(96,'Pierre Boileau'),(205,'Pierre Boulle'),(6,'Quentin Tarantino'),(228,'Rajkumar Hirani'),(264,'Randall Wallace'),(67,'Raymond Chandler'),(127,'Raynold Gideon'),(322,'Reginald Rose'),(128,'Rhett Reese'),(85,'Richard Kelly'),(94,'Richard Linklater'),(297,'Robert Bloch'),(260,'Robert Bolt'),(78,'Robert E. Sherwood'),(75,'Robert Hamer'),(147,'Robert Riskin'),(298,'Robert Rodat'),(213,'Robert Towne'),(284,'Robert Zemeckis'),(302,'Roberto Benigni'),(214,'Roderick Thorp'),(267,'Roger Avary'),(287,'Ronald Harwood'),(21,'Ronald Shusett'),(218,'Ronnie Del Carmen'),(74,'Roy Horniman'),(243,'Ryûnosuke Akutagawa'),(271,'Samuel A. Taylor'),(148,'Samuel Hopkins Adams'),(90,'Scott Z. Burns'),(150,'Sean Penn'),(300,'Sergio Donati'),(241,'Sergio Leone'),(33,'Shinobu Hashimoto'),(206,'Sidney Buchman'),(164,'Sidney Howard'),(122,'Solomon Northup'),(3,'Stanley Kubrick'),(119,'Stefan Zweig'),(1,'Stephen King'),(204,'Stephen McFeely'),(108,'Stephen P. Lindsey'),(76,'Steve Kloves'),(324,'Steven Zaillian'),(86,'Sylvester Stallone'),(179,'Sylvia Nasar'),(259,'T.E. Lawrence'),(62,'Tai-Li Chan'),(44,'Tate Taylor'),(49,'Ted Elliott'),(308,'Ted Tally'),(183,'Terence Winter'),(124,'Terry George'),(50,'Terry Rossio'),(15,'Terry Southern'),(182,'Tewfik El-Hakim'),(237,'Thea von Harbou'),(307,'Thomas Harris'),(323,'Thomas Keneally'),(97,'Thomas Narcejac'),(231,'Thomas Vinterberg'),(230,'Tobias Lindholm'),(136,'Tom McCarthy'),(89,'Tony Gilroy'),(144,'Upton Sinclair'),(40,'Víctor Andrés Catena'),(301,'Vincenzo Cerami'),(173,'Wajdi Mouawad'),(120,'Wes Anderson'),(111,'Whit Masterson'),(161,'William Davies'),(115,'William Goldman'),(63,'William Makepeace Thackeray'),(286,'William Monahan'),(289,'William Wisher Jr.'),(316,'Winston Groom'),(288,'Wladyslaw Szpilman'),(273,'Wolfgang Petersen'),(106,'Woody Allen'),(192,'Yasujirô Ozu'),(47,'Zak Penn');
/*!40000 ALTER TABLE `serverapp_writer` ENABLE KEYS */;
UNLOCK TABLES;
/*!40103 SET TIME_ZONE=@OLD_TIME_ZONE */;

/*!40101 SET SQL_MODE=@OLD_SQL_MODE */;
/*!40014 SET FOREIGN_KEY_CHECKS=@OLD_FOREIGN_KEY_CHECKS */;
/*!40014 SET UNIQUE_CHECKS=@OLD_UNIQUE_CHECKS */;
/*!40101 SET CHARACTER_SET_CLIENT=@OLD_CHARACTER_SET_CLIENT */;
/*!40101 SET CHARACTER_SET_RESULTS=@OLD_CHARACTER_SET_RESULTS */;
/*!40101 SET COLLATION_CONNECTION=@OLD_COLLATION_CONNECTION */;
/*!40111 SET SQL_NOTES=@OLD_SQL_NOTES */;

-- Dump completed on 2016-06-11 19:28:22
